{"css":"","framework":"duck-10.1.0","title":"QuickTime Player -ohje","build_id":"5791b403680ce28044c2344d","quick_links":[],"icon":"..\/SharedGlobalArt\/AppIconDefault_QuickTime.png","sections":{"qtp054892646":{"name":"Elokuvan muokkaaminen","children":["qtpa2d90df3d","qtp43812ed7b","qtp00386594f","qtp5a6251741","qtpf2115f6fd","qtp797f6599f"]},"qtpd7929a6fc":{"name":"Tiedoston tallentaminen tai poistaminen","children":["qtp5d9178614","qtp715f653a1"]},"qtpd44e0f677":{"name":"Tiedoston toistaminen","children":["qtp6cee0761b","qtp31dfa136d","qtped9fbc349","qtp4c0cd59d1","qtp65619118c"]},"qtpeea5d1e58":{"name":"Uuden tallenteen luominen","children":["qtp97b08e666","qtp356b55534","qtpf25d6f827"]},"qtp35b543d90":{"name":"Elokuvien jakaminen tai vieminen","children":["qtp1ad6fa3c1","qtp2b2c62378","qtp20e395859"]}},"birdseed_version":5,"toc":["qtp0b2a7fc85","qtpd44e0f677","qtpeea5d1e58","qtp054892646","qtpd7929a6fc","qtp35b543d90","qtpa4808515d"],"locale":"fi","version":"10.12","source_schema":"apd-schema","enable_tracking":false,"platform":"mac","build_date":"2016.07.22-04:08:38","landing":"qtplayer35488","product":"quicktime","urls":{},"copyright":"","show_previous_next":false,"topics":{"qtp0b2a7fc85":{"name":"QuickTime Playerin yleiskatsaus"},"qtp43812ed7b":{"name":"Elokuvaleikkeiden järjesteleminen","searchName":"Elokuvaleikkeiden järjesteleminen QuickTime Playerissa"},"qtp65619118c":{"name":"Elokuvatiedoston tietojen näyttäminen","searchName":"Elokuvatiedoston tietojen näyttäminen QuickTime Playerissa"},"qtp97b08e666":{"name":"Näytön tallentaminen","searchName":"Näytön tallentaminen QuickTime Playerilla"},"qtped9fbc349":{"name":"Tekstityksen tai kuvailevan tekstityksen näyttäminen","searchName":"Tekstityksen tai kuvailevan tekstityksen näyttäminen QuickTime Playerissa"},"qtp31dfa136d":{"name":"Näyttökoon valitseminen","searchName":"Näyttökoon valitseminen QuickTime Playerissa"},"qtp5a6251741":{"name":"Leikkeen pyörittäminen tai kääntäminen peilikuvaksi","searchName":"Leikkeen pyörittäminen tai kääntäminen peilikuvaksi QuickTime Playerissa"},"qtp2b2c62378":{"name":"Elokuvien jakaminen iTunesilla","searchName":"Elokuvan tallentaminen iTunesiin QuickTime Playerilla"},"qtpa4808515d":{"name":"Näppäinoikotiet ja eleet","searchName":"QuickTime Playerin näppäinoikotiet ja eleet"},"qtp00386594f":{"name":"Elokuvan tai leikkeen lisääminen","searchName":"Elokuvan tai leikkeen lisääminen QuickTime Playerissa"},"qtp6cee0761b":{"name":"Tiedoston avaaminen ja toistaminen","searchName":"Tiedoston avaaminen ja toistaminen QuickTime Playerissa"},"qtpf2115f6fd":{"name":"Elokuvan tai leikkeen trimmaaminen","searchName":"Elokuvan tai leikkeen trimmaaminen QuickTime Playerissa"},"qtp797f6599f":{"name":"Automaatiovinkit","searchName":"QuickTime Player ‑automaatiovinkit"},"qtp20e395859":{"name":"Elokuvien vieminen","searchName":"Elokuvien vieminen muihin tiedostomuotoihin ja tarkkuuksiin QuickTime Playerilla"},"qtp5d9178614":{"name":"Tallenteen tallentaminen tai nimeäminen","searchName":"Tallenteen tallentaminen tai nimeäminen uudelleen QuickTime Playerissa"},"qtpf25d6f827":{"name":"Vain äänen tallentaminen","searchName":"Äänen tallentaminen QuickTime Playerilla"},"qtp715f653a1":{"name":"Tallenteen poistaminen","searchName":"Tallenteen poistaminen QuickTime Playerissa"},"qtp356b55534":{"name":"Elokuvan tallentaminen","searchName":"Elokuvan tallentaminen QuickTime Playerilla"},"qtp4c0cd59d1":{"name":"Elokuvan ääniraidan valitseminen","searchName":"Elokuvan ääniraidan valitseminen QuickTime Playerissa"},"qtplayer35488":{"name":"QuickTime Player -ohje","href":"qtplayer35488.html","categories":["landing"]},"qtp50f3ec11e":{"name":"toistosäätimet","categories":["aside"]},"qtpa2d90df3d":{"name":"Elokuvan jakaminen leikkeisiin","searchName":"Elokuvan jakaminen leikkeisiin QuickTime Playerilla"},"qtp1ad6fa3c1":{"name":"Elokuvien jakaminen","searchName":"Elokuvien jakaminen QuickTime Playerilla"}},"copyright_text":"Copyright © 2016 Apple Inc. Kaikki oikeudet pidätetään."}