{"css":"","framework":"duck-10.1.0","title":"Ajuda do QuickTime Player","build_id":"5791b40d680ce28044c234a1","quick_links":[],"icon":"..\/SharedGlobalArt\/AppIconDefault_QuickTime.png","sections":{"qtp054892646":{"name":"Editar um filme","children":["qtpa2d90df3d","qtp43812ed7b","qtp00386594f","qtp5a6251741","qtpf2115f6fd","qtp797f6599f"]},"qtpd7929a6fc":{"name":"Guardar ou apagar um ficheiro","children":["qtp5d9178614","qtp715f653a1"]},"qtpd44e0f677":{"name":"Reproduzir um ficheiro","children":["qtp6cee0761b","qtp31dfa136d","qtped9fbc349","qtp4c0cd59d1","qtp65619118c"]},"qtpeea5d1e58":{"name":"Criar uma nova gravação","children":["qtp97b08e666","qtp356b55534","qtpf25d6f827"]},"qtp35b543d90":{"name":"Partilhar ou exportar filmes","children":["qtp1ad6fa3c1","qtp2b2c62378","qtp20e395859"]}},"birdseed_version":5,"toc":["qtp0b2a7fc85","qtpd44e0f677","qtpeea5d1e58","qtp054892646","qtpd7929a6fc","qtp35b543d90","qtpa4808515d"],"locale":"pt-pt","version":"10.12","source_schema":"apd-schema","enable_tracking":false,"platform":"mac","build_date":"2016.07.22-04:38:11","landing":"qtplayer35488","product":"quicktime","urls":{},"copyright":"","show_previous_next":false,"topics":{"qtp0b2a7fc85":{"name":"Visão geral do QuickTime Player"},"qtp43812ed7b":{"name":"Reorganizar clips de filme","searchName":"Reorganizar clips de filme no QuickTime Player"},"qtp65619118c":{"name":"Ver informações acerca de um ficheiro de filme","searchName":"Ver informações acerca de um ficheiro de filme no QuickTime Player"},"qtp97b08e666":{"name":"Gravar o ecrã","searchName":"Gravar o ecrã com o QuickTime Player"},"qtped9fbc349":{"name":"Mostrar legendas ou legendagem opcional","searchName":"Mostrar legendas ou legendagem opcional no QuickTime Player"},"qtp31dfa136d":{"name":"Selecionar um tamanho de ecrã","searchName":"Seleccionar um tamanho de ecrã no QuickTime Player"},"qtp5a6251741":{"name":"Rodar ou virar um clip","searchName":"Rodar ou virar um clip no QuickTime Player"},"qtp2b2c62378":{"name":"Partilhar filmes no iTunes","searchName":"Guardar um filme no iTunes com o QuickTime Player"},"qtpa4808515d":{"name":"Atalhos de teclado e gestos","searchName":"Atalhos de teclado e gestos do QuickTime Player"},"qtp00386594f":{"name":"Adicionar um filme ou clip","searchName":"Adicionar um filme ou clip no QuickTime Player"},"qtp6cee0761b":{"name":"Abrir e reproduzir um ficheiro","searchName":"Abrir e reproduzir um ficheiro no QuickTime Player"},"qtpf2115f6fd":{"name":"Separar um filme ou clip","searchName":"Separar um filme ou clip no QuickTime Player"},"qtp797f6599f":{"name":"Sugestões de automatização","searchName":"Sugestões de automatização do QuickTime Player"},"qtp20e395859":{"name":"Exportar filmes","searchName":"Exportar filmes noutros formatos de ficheiro e resoluções utilizando o QuickTime Player"},"qtp5d9178614":{"name":"Guardar ou alterar o nome de uma gravação","searchName":"Guardar ou alterar o nome de uma gravação no QuickTime Player"},"qtpf25d6f827":{"name":"Gravar apenas áudio","searchName":"Gravar áudio com o QuickTime Player"},"qtp715f653a1":{"name":"Apagar uma gravação","searchName":"Apagar uma gravação no QuickTime Player"},"qtp356b55534":{"name":"Gravar um filme","searchName":"Gravar um filme com o QuickTime Player"},"qtp4c0cd59d1":{"name":"Selecionar a banda sonora para um filme","searchName":"Seleccionar a banda sonora para um filme no QuickTime Player"},"qtplayer35488":{"name":"Ajuda do QuickTime Player","href":"qtplayer35488.html","categories":["landing"]},"qtp50f3ec11e":{"name":"controlos de reprodução","categories":["aside"]},"qtpa2d90df3d":{"name":"Dividir um filme em clips","searchName":"Dividir um filme em clips utilizando o QuickTime Player"},"qtp1ad6fa3c1":{"name":"Partilhar filmes","searchName":"Partilhar filmes a partir do QuickTime Player"}},"copyright_text":"Copyright © 2016 Apple Inc. Todos os direitos reservados."}