{"css":"","framework":"duck-10.1.0","title":"Ayuda QuickTime Player","build_id":"5791b411680ce28044c234bd","quick_links":[],"icon":"..\/SharedGlobalArt\/AppIconDefault_QuickTime.png","sections":{"qtp054892646":{"name":"Editar un vídeo","children":["qtpa2d90df3d","qtp43812ed7b","qtp00386594f","qtp5a6251741","qtpf2115f6fd","qtp797f6599f"]},"qtpd7929a6fc":{"name":"Guardar o eliminar un archivo","children":["qtp5d9178614","qtp715f653a1"]},"qtpd44e0f677":{"name":"Reproducir un archivo","children":["qtp6cee0761b","qtp31dfa136d","qtped9fbc349","qtp4c0cd59d1","qtp65619118c"]},"qtpeea5d1e58":{"name":"Crear una nueva grabación","children":["qtp97b08e666","qtp356b55534","qtpf25d6f827"]},"qtp35b543d90":{"name":"Compartir o exportar vídeos","children":["qtp1ad6fa3c1","qtp2b2c62378","qtp20e395859"]}},"birdseed_version":5,"toc":["qtp0b2a7fc85","qtpd44e0f677","qtpeea5d1e58","qtp054892646","qtpd7929a6fc","qtp35b543d90","qtpa4808515d"],"locale":"es","version":"10.12","source_schema":"apd-schema","enable_tracking":false,"platform":"mac","build_date":"2016.07.22-04:31:02","landing":"qtplayer35488","product":"quicktime","urls":{},"copyright":"","show_previous_next":false,"topics":{"qtp0b2a7fc85":{"name":"Información de QuickTime Player"},"qtp43812ed7b":{"name":"Reorganizar clips de vídeo","searchName":"Reorganizar clips de vídeo en QuickTime Player"},"qtp65619118c":{"name":"Visualizar la información acerca de un archivo de vídeo","searchName":"Visualizar la información acerca de un archivo de vídeo en QuickTime Player"},"qtp97b08e666":{"name":"Grabar la pantalla","searchName":"Grabar la pantalla con QuickTime Player"},"qtped9fbc349":{"name":"Mostrar subtítulos o subtítulos opcionales","searchName":"Mostrar subtítulos o subtítulos opcionales en QuickTime Player"},"qtp31dfa136d":{"name":"Seleccionar un tamaño de pantalla","searchName":"Seleccionar un tamaño de pantalla en QuickTime Player"},"qtp5a6251741":{"name":"Girar o voltear un clip","searchName":"Girar o voltear un clip en QuickTime Player"},"qtp2b2c62378":{"name":"Compartir vídeos en iTunes","searchName":"Guardar un vídeo en iTunes con QuickTime Player"},"qtpa4808515d":{"name":"Funciones rápidas de teclado y gestos","searchName":"Funciones rápidas de teclado y gestos de QuickTime Player"},"qtp00386594f":{"name":"Añadir un vídeo o un clip","searchName":"Añadir un vídeo o un clip en QuickTime Player"},"qtp6cee0761b":{"name":"Abrir y reproducir un archivo","searchName":"Abrir y reproducir un archivo en QuickTime Player"},"qtpf2115f6fd":{"name":"Acortar un vídeo o un clip","searchName":"Acortar un vídeo o un clip en QuickTime Player"},"qtp797f6599f":{"name":"Sugerencias de automatización","searchName":"Sugerencias de automatización de QuickTime Player"},"qtp20e395859":{"name":"Exportar vídeos","searchName":"Exportar vídeos a otros formatos de archivo y resoluciones con QuickTime Player"},"qtp5d9178614":{"name":"Guardar o renombrar una grabación","searchName":"Guardar o renombrar una grabación en QuickTime Player"},"qtpf25d6f827":{"name":"Grabar solo audio","searchName":"Grabar audio con QuickTime Player"},"qtp715f653a1":{"name":"Eliminar una grabación","searchName":"Eliminar un grabación en QuickTime Player"},"qtp356b55534":{"name":"Grabar un vídeo","searchName":"Grabar un vídeo con QuickTime Player"},"qtp4c0cd59d1":{"name":"Seleccionar la banda sonora para un vídeo","searchName":"Seleccionar la banda sonora para un vídeo en QuickTime Player"},"qtplayer35488":{"name":"Ayuda de QuickTime Player","href":"qtplayer35488.html","categories":["landing"]},"qtp50f3ec11e":{"name":"controles de reproducción","categories":["aside"]},"qtpa2d90df3d":{"name":"Dividir un vídeo en clips","searchName":"Dividir un vídeo en clips con QuickTime Player"},"qtp1ad6fa3c1":{"name":"Compartir vídeos","searchName":"Compartir los vídeos desde QuickTime Player"}},"copyright_text":"Copyright © 2016 Apple Inc. Todos los derechos reservados."}