{"css":"","framework":"duck-10.1.0","title":"Nápověda pro QuickTime Player","build_id":"5791b3fd680ce28044c2341c","quick_links":[],"icon":"..\/SharedGlobalArt\/AppIconDefault_QuickTime.png","sections":{"qtp054892646":{"name":"Úpravy filmů","children":["qtpa2d90df3d","qtp43812ed7b","qtp00386594f","qtp5a6251741","qtpf2115f6fd","qtp797f6599f"]},"qtpd7929a6fc":{"name":"Uložení nebo smazání souboru","children":["qtp5d9178614","qtp715f653a1"]},"qtpd44e0f677":{"name":"Přehrávání souborů","children":["qtp6cee0761b","qtp31dfa136d","qtped9fbc349","qtp4c0cd59d1","qtp65619118c"]},"qtpeea5d1e58":{"name":"Vytvoření nového záznamu","children":["qtp97b08e666","qtp356b55534","qtpf25d6f827"]},"qtp35b543d90":{"name":"Sdílení a export filmů","children":["qtp1ad6fa3c1","qtp2b2c62378","qtp20e395859"]}},"birdseed_version":5,"toc":["qtp0b2a7fc85","qtpd44e0f677","qtpeea5d1e58","qtp054892646","qtpd7929a6fc","qtp35b543d90","qtpa4808515d"],"locale":"cs","version":"10.12","source_schema":"apd-schema","enable_tracking":false,"platform":"mac","build_date":"2016.07.22-04:12:16","landing":"qtplayer35488","product":"quicktime","urls":{},"copyright":"","show_previous_next":false,"topics":{"qtp0b2a7fc85":{"name":"Přehled aplikace QuickTime Player"},"qtp43812ed7b":{"name":"Změna uspořádání filmových klipů","searchName":"V aplikaci QuickTime Player můžete upravit uspořádání filmových klipů"},"qtp65619118c":{"name":"Zobrazení informací o souboru filmu","searchName":"Zobrazení informací o souboru filmu v aplikaci QuickTime Player"},"qtp97b08e666":{"name":"Záznam obrazovky","searchName":"Pomocí aplikace QuickTime Player lze zaznamenat akce na obrazovce"},"qtped9fbc349":{"name":"Zobrazení titulků","searchName":"V aplikaci QuickTime Player lze při přehrávání zobrazit titulky"},"qtp31dfa136d":{"name":"Výběr velikosti obrazovky","searchName":"QuickTime Player umožňuje zvolit velikost obrazovky"},"qtp5a6251741":{"name":"Otočení nebo převrácení klipu","searchName":"V aplikaci QuickTime Player lze klipy otočit nebo převrátit"},"qtp2b2c62378":{"name":"Sdílení filmů v iTunes","searchName":"Pomocí aplikace QuickTime Player můžete film uložit do iTunes."},"qtpa4808515d":{"name":"Klávesové zkratky a gesta","searchName":"Klávesové zkratky a gesta pro aplikaci QuickTime Player"},"qtp00386594f":{"name":"Přidání filmu nebo klipu","searchName":"V aplikaci QuickTime Player můžete do filmu snadno přidat další film nebo klip"},"qtp6cee0761b":{"name":"Otevření a přehrání souboru","searchName":"QuickTime Player umožňuje otevřít a přehrát různé soubory"},"qtpf2115f6fd":{"name":"Oříznutí filmu nebo klipu","searchName":"V aplikaci QuickTime Player lze filmy nebo klipy oříznout"},"qtp797f6599f":{"name":"Tipy pro automatizaci","searchName":"Tipy pro automatizaci QuickTime Playeru"},"qtp20e395859":{"name":"Export filmů","searchName":"Export filmů do jiných souborových formátů a jiných rozlišení pomocí aplikace QuickTime Player"},"qtp5d9178614":{"name":"Uložení nebo přejmenování záznamu","searchName":"Záznam lze v aplikaci QuickTime Player uložit nebo přejmenovat"},"qtpf25d6f827":{"name":"Pouze záznam zvuku","searchName":"Pomocí aplikace QuickTime Player lze pořídit zvukový záznam"},"qtp715f653a1":{"name":"Smazání záznamu","searchName":"Záznam lze v aplikaci QuickTime Player podle potřeby smazat"},"qtp356b55534":{"name":"Záznam filmu","searchName":"Pomocí aplikace QuickTime Player lze zaznamenat film"},"qtp4c0cd59d1":{"name":"Výběr zvukové stopy filmu","searchName":"Pro filmy lze v aplikaci QuickTime Player vybrat zvukovou stopu"},"qtplayer35488":{"name":"Nápověda pro QuickTime Player","href":"qtplayer35488.html","categories":["landing"]},"qtp50f3ec11e":{"name":"ovládací prvky pro přehrávání","categories":["aside"]},"qtpa2d90df3d":{"name":"Rozdělení filmu do klipů","searchName":"Filmy můžete v aplikaci QuickTime Player snadno rozdělit do klipů"},"qtp1ad6fa3c1":{"name":"Sdílení filmů","searchName":"Pomocí aplikace QuickTime Player můžete své filmy snadno sdílet"}},"copyright_text":"Copyright © 2016 Apple Inc. Všechna práva vyhrazena."}