{"css":"","framework":"duck-10.1.0","title":"مساعدة QuickTime Player","build_id":"5791b3fd680ce28044c23423","quick_links":[],"icon":"..\/SharedGlobalArt\/AppIconDefault_QuickTime.png","sections":{"qtp054892646":{"name":"تحرير فيلم","children":["qtpa2d90df3d","qtp43812ed7b","qtp00386594f","qtp5a6251741","qtpf2115f6fd","qtp797f6599f"]},"qtpd7929a6fc":{"name":"حفظ ملف أو حذفه","children":["qtp5d9178614","qtp715f653a1"]},"qtpd44e0f677":{"name":"تشغيل ملف","children":["qtp6cee0761b","qtp31dfa136d","qtped9fbc349","qtp4c0cd59d1","qtp65619118c"]},"qtpeea5d1e58":{"name":"إنشاء تسجيل جديد","children":["qtp97b08e666","qtp356b55534","qtpf25d6f827"]},"qtp35b543d90":{"name":"مشاركة الأفلام أو تصديرها","children":["qtp1ad6fa3c1","qtp2b2c62378","qtp20e395859"]}},"birdseed_version":5,"toc":["qtp0b2a7fc85","qtpd44e0f677","qtpeea5d1e58","qtp054892646","qtpd7929a6fc","qtp35b543d90","qtpa4808515d"],"locale":"ar","version":"10.12","source_schema":"apd-schema","enable_tracking":false,"platform":"mac","build_date":"2016.07.22-04:05:00","landing":"qtplayer35488","product":"quicktime","urls":{},"copyright":"","show_previous_next":false,"topics":{"qtp0b2a7fc85":{"name":"عرض عام لـ QuickTime Player"},"qtp43812ed7b":{"name":"إعادة ترتيب مقاطع الفيلم","searchName":"إعادة ترتيب مقاطع الفيلم في QuickTime Player"},"qtp65619118c":{"name":"عرض معلومات حول ملف فيلم","searchName":"عرض معلومات حول ملف فيلم في QuickTime Player"},"qtp97b08e666":{"name":"تسجيل الشاشة","searchName":"تسجيل الشاشة باستخدام QuickTime Player"},"qtped9fbc349":{"name":"إظهار عناوين النص أو الشرح المكتوب","searchName":"إظهار عناوين النص أو الشرح المكتوب في QuickTime Player"},"qtp31dfa136d":{"name":"اختيار حجم شاشة","searchName":"اختيار حجم شاشة في QuickTime Player"},"qtp5a6251741":{"name":"تدوير مقطع أو عكسه","searchName":"تدوير مقطع أو قلب اتجاهه في QuickTime Player"},"qtp2b2c62378":{"name":"مشاركة أفلامك على iTunes","searchName":"قم بحفظ فيلمك في iTunes باستخدام QuickTime Player"},"qtpa4808515d":{"name":"اختصارات لوحة المفاتيح والإيماءات","searchName":"اختصارات لوحة المفاتيح والإيماءات في QuickTime Player"},"qtp00386594f":{"name":"إضافة فيلم أو مقطع","searchName":"إضافة فيلم أو مقطع في QuickTime Player"},"qtp6cee0761b":{"name":"فتح ملف وتشغيله","searchName":"فتح ملف وتشغيله في QuickTime Player"},"qtpf2115f6fd":{"name":"قص فيلم أو مقطع","searchName":"قص فيلم أو مقطع في QuickTime Player"},"qtp797f6599f":{"name":"تلميحات عمليات التنفيذ التلقائي","searchName":"تلميحات عمليات التنفيذ التلقائي في QuickTime Player"},"qtp20e395859":{"name":"تصدير أفلام","searchName":"تصدير الأفلام إلى تنسيقات ملفات ومستويات دقة أخرى باستخدام QuickTime Player"},"qtp5d9178614":{"name":"حفظ تسجيل أو إعادة تسميته","searchName":"حفظ تسجيل أو إعادة تسميته في QuickTime Player"},"qtpf25d6f827":{"name":"تسجيل الصوت فقط","searchName":"تسجيل الصوت باستخدام QuickTime Player"},"qtp715f653a1":{"name":"حذف تسجيل","searchName":"حذف تسجيل في QuickTime Player"},"qtp356b55534":{"name":"تسجيل فيلم","searchName":"تسجيل فيلم باستخدام QuickTime Player"},"qtp4c0cd59d1":{"name":"اختيار مسار الصوت لفيلم","searchName":"اختيار مسار الصوت لفيلم في QuickTime Player"},"qtplayer35488":{"name":"مساعدة QuickTime Player","href":"qtplayer35488.html","categories":["landing"]},"qtp50f3ec11e":{"name":"عناصر التحكم في إعادة التشغيل","categories":["aside"]},"qtpa2d90df3d":{"name":"تقسيم فيلم إلى مقاطع","searchName":"تقسيم الفيلم إلى مقاطع باستخدام QuickTime Player"},"qtp1ad6fa3c1":{"name":"شارك أفلامك","searchName":"مشاركة أفلامك من QuickTime Player"}},"copyright_text":"‏‎Copyright © 2016 Apple Inc.‎ كافة الحقوق محفوظة."}