{"css":"","framework":"duck-10.1.0","title":"Hjælp til QuickTime Player","build_id":"5791b406680ce28044c23469","quick_links":[],"icon":"..\/SharedGlobalArt\/AppIconDefault_QuickTime.png","sections":{"qtp054892646":{"name":"Rediger en film","children":["qtpa2d90df3d","qtp43812ed7b","qtp00386594f","qtp5a6251741","qtpf2115f6fd","qtp797f6599f"]},"qtpd7929a6fc":{"name":"Arkiver eller slet et arkiv","children":["qtp5d9178614","qtp715f653a1"]},"qtpd44e0f677":{"name":"Afspil et arkiv","children":["qtp6cee0761b","qtp31dfa136d","qtped9fbc349","qtp4c0cd59d1","qtp65619118c"]},"qtpeea5d1e58":{"name":"Opret en ny optagelse","children":["qtp97b08e666","qtp356b55534","qtpf25d6f827"]},"qtp35b543d90":{"name":"Del eller eksporter dine film","children":["qtp1ad6fa3c1","qtp2b2c62378","qtp20e395859"]}},"birdseed_version":5,"toc":["qtp0b2a7fc85","qtpd44e0f677","qtpeea5d1e58","qtp054892646","qtpd7929a6fc","qtp35b543d90","qtpa4808515d"],"locale":"da","version":"10.12","source_schema":"apd-schema","enable_tracking":false,"platform":"mac","build_date":"2016.07.22-04:24:53","landing":"qtplayer35488","product":"quicktime","urls":{},"copyright":"","show_previous_next":false,"topics":{"qtp0b2a7fc85":{"name":"Oversigt over QuickTime Player"},"qtp43812ed7b":{"name":"Skift rækkefølge på filmklip","searchName":"Skift rækkefølge på klip i QuickTime Player"},"qtp65619118c":{"name":"Vis oplysninger om et filmarkiv","searchName":"Vis oplysninger om et filmarkiv i QuickTime Player"},"qtp97b08e666":{"name":"Optag fra skærmen","searchName":"Optag din skærm med QuickTime Player"},"qtped9fbc349":{"name":"Vis undertekster eller tekster","searchName":"Vis undertekster eller tekster i QuickTime Player"},"qtp31dfa136d":{"name":"Vælg en skærmstørrelse","searchName":"Vælg en skærmstørrelse i QuickTime Player"},"qtp5a6251741":{"name":"Roter eller spejlvend et klip","searchName":"Roter eller spejlvend et klip i QuickTime Player"},"qtp2b2c62378":{"name":"Del dine film på iTunes","searchName":"Arkiver filmen til iTunes med QuickTime Player"},"qtpa4808515d":{"name":"Tastaturgenveje og bevægelser","searchName":"Tastaturgenveje og bevægelser i QuickTime Player"},"qtp00386594f":{"name":"Tilføj en film eller et klip","searchName":"Tilføj en film eller et klip i QuickTime Player"},"qtp6cee0761b":{"name":"Åbn og afspil et arkiv","searchName":"Åbn og afspil et arkiv i QuickTime Player"},"qtpf2115f6fd":{"name":"Tilpas en film eller et klip","searchName":"Beskær en film eller et klip i QuickTime Player"},"qtp797f6599f":{"name":"Tip til automatisering","searchName":"Tip til automatisering af QuickTime Player"},"qtp20e395859":{"name":"Eksporter film","searchName":"Eksporter film til andre arkivformater og opløsninger vha. QuickTime Player"},"qtp5d9178614":{"name":"Arkiver eller omdøb en optagelse","searchName":"Arkiver eller omdøb en optagelse i QuickTime Player"},"qtpf25d6f827":{"name":"Optag kun lyd","searchName":"Optag lyd med QuickTime Player"},"qtp715f653a1":{"name":"Slet en optagelse","searchName":"Slet en optagelse i QuickTime Player"},"qtp356b55534":{"name":"Optag en film","searchName":"Optag en film med QuickTime Player"},"qtp4c0cd59d1":{"name":"Vælg lydsporet til en film","searchName":"Vælg lydsporet til en film i QuickTime Player"},"qtplayer35488":{"name":"Hjælp til QuickTime Player","href":"qtplayer35488.html","categories":["landing"]},"qtp50f3ec11e":{"name":"betjeningspanel til afspilning","categories":["aside"]},"qtpa2d90df3d":{"name":"Opdel en film i klip","searchName":"Opdel en film i klip vha. QuickTime Player"},"qtp1ad6fa3c1":{"name":"Del dine film","searchName":"Del dine film fra QuickTime Player"}},"copyright_text":"Copyright © 2016 Apple Inc. Alle rettigheder forbeholdes."}