{"css":"","framework":"duck-10.1.0","title":"QuickTime Player Help","build_id":"5791b401680ce28044c2343f","quick_links":[],"icon":"..\/SharedGlobalArt\/AppIconDefault_QuickTime.png","sections":{"qtp054892646":{"name":"Een film bewerken","children":["qtpa2d90df3d","qtp43812ed7b","qtp00386594f","qtp5a6251741","qtpf2115f6fd","qtp797f6599f"]},"qtpd7929a6fc":{"name":"Een bestand bewaren of verwijderen","children":["qtp5d9178614","qtp715f653a1"]},"qtpd44e0f677":{"name":"Een bestand afspelen","children":["qtp6cee0761b","qtp31dfa136d","qtped9fbc349","qtp4c0cd59d1","qtp65619118c"]},"qtpeea5d1e58":{"name":"Een nieuwe opname aanmaken","children":["qtp97b08e666","qtp356b55534","qtpf25d6f827"]},"qtp35b543d90":{"name":"Uw films delen of exporteren","children":["qtp1ad6fa3c1","qtp2b2c62378","qtp20e395859"]}},"birdseed_version":5,"toc":["qtp0b2a7fc85","qtpd44e0f677","qtpeea5d1e58","qtp054892646","qtpd7929a6fc","qtp35b543d90","qtpa4808515d"],"locale":"nl","version":"10.12","source_schema":"apd-schema","enable_tracking":false,"platform":"mac","build_date":"2016.07.22-04:08:26","landing":"qtplayer35488","product":"quicktime","urls":{},"copyright":"","show_previous_next":false,"topics":{"qtp0b2a7fc85":{"name":"Overzicht van QuickTime Player"},"qtp43812ed7b":{"name":"Filmfragmenten anders rangschikken","searchName":"Filmfragmenten anders rangschikken in QuickTime Player"},"qtp65619118c":{"name":"Informatie over een filmbestand weergeven","searchName":"Informatie over een filmbestand weergeven in QuickTime Player"},"qtp97b08e666":{"name":"Een opname van uw scherm maken","searchName":"Uw scherm opnemen met QuickTime Player"},"qtped9fbc349":{"name":"Ondertiteling of bijschriften weergeven","searchName":"Ondertiteling of bijschriften weergeven in QuickTime Player"},"qtp31dfa136d":{"name":"Een schermformaat kiezen","searchName":"Een schermformaat kiezen in QuickTime Player"},"qtp5a6251741":{"name":"Een fragment roteren of spiegelen","searchName":"Een fragment roteren of spiegelen in QuickTime Player"},"qtp2b2c62378":{"name":"Uw films delen in iTunes","searchName":"Uw film in iTunes bewaren met QuickTime Player"},"qtpa4808515d":{"name":"Toetscombinaties en bewegingen","searchName":"Toetscombinaties en bewegingen voor QuickTime Player"},"qtp00386594f":{"name":"Een film of fragment toevoegen","searchName":"Een film of fragment toevoegen in QuickTime Player"},"qtp6cee0761b":{"name":"Een bestand openen en afspelen","searchName":"Een bestand openen en afspelen in QuickTime Player"},"qtpf2115f6fd":{"name":"Een film of fragment inkorten","searchName":"Een film of fragment inkorten in QuickTime Player"},"qtp797f6599f":{"name":"Automatiseringstips","searchName":"Automatiseringstips voor QuickTime Player"},"qtp20e395859":{"name":"Films exporteren","searchName":"Films exporteren naar andere bestandsstructuren en resoluties met QuickTime Player"},"qtp5d9178614":{"name":"Een opname bewaren of de naam ervan wijzigen","searchName":"Een opname bewaren of de naam ervan wijzigen in QuickTime Player"},"qtpf25d6f827":{"name":"Alleen audio opnemen","searchName":"Geluid opnemen met QuickTime Player"},"qtp715f653a1":{"name":"Een opname verwijderen","searchName":"Een opname verwijderen in QuickTime Player"},"qtp356b55534":{"name":"Een film opnemen","searchName":"Een film opnemen met QuickTime Player"},"qtp4c0cd59d1":{"name":"De soundtrack voor een film kiezen","searchName":"De soundtrack voor een film kiezen in QuickTime Player"},"qtplayer35488":{"name":"QuickTime Player Help","href":"qtplayer35488.html","categories":["landing"]},"qtp50f3ec11e":{"name":"afspeelregelaars","categories":["aside"]},"qtpa2d90df3d":{"name":"Een film splitsen in fragmenten","searchName":"Een film splitsen in fragmenten met QuickTime Player"},"qtp1ad6fa3c1":{"name":"Uw films delen","searchName":"Uw films delen via QuickTime Player"}},"copyright_text":"Copyright © 2016 Apple Inc. Alle rechten voorbehouden."}