{"css":"","framework":"duck-10.1.0","title":"QuickTime Player ヘルプ","build_id":"5791b3fc680ce28044c23415","quick_links":[],"icon":"..\/SharedGlobalArt\/AppIconDefault_QuickTime.png","sections":{"qtp054892646":{"name":"ムービーを編集する","children":["qtpa2d90df3d","qtp43812ed7b","qtp00386594f","qtp5a6251741","qtpf2115f6fd","qtp797f6599f"]},"qtpd7929a6fc":{"name":"ファイルを保存する／削除する","children":["qtp5d9178614","qtp715f653a1"]},"qtpd44e0f677":{"name":"ファイルを再生する","children":["qtp6cee0761b","qtp31dfa136d","qtped9fbc349","qtp4c0cd59d1","qtp65619118c"]},"qtpeea5d1e58":{"name":"新しい収録を作成する","children":["qtp97b08e666","qtp356b55534","qtpf25d6f827"]},"qtp35b543d90":{"name":"ムービーを共有する／書き出す","children":["qtp1ad6fa3c1","qtp2b2c62378","qtp20e395859"]}},"birdseed_version":5,"toc":["qtp0b2a7fc85","qtpd44e0f677","qtpeea5d1e58","qtp054892646","qtpd7929a6fc","qtp35b543d90","qtpa4808515d"],"locale":"ja","version":"10.12","source_schema":"apd-schema","enable_tracking":false,"platform":"mac","build_date":"2016.07.22-04:12:03","landing":"qtplayer35488","product":"quicktime","urls":{},"copyright":"","show_previous_next":false,"topics":{"qtp0b2a7fc85":{"name":"QuickTime Player の概要"},"qtp43812ed7b":{"name":"ムービークリップを並べ替える","searchName":"「QuickTime Player」でムービークリップを並べ替える"},"qtp65619118c":{"name":"ムービーファイルに関する情報を見る","searchName":"QuickTime Player でムービーファイルに関する情報を見る"},"qtp97b08e666":{"name":"画面を収録する","searchName":"「QuickTime Player」で画面を収録する"},"qtped9fbc349":{"name":"字幕やキャプションを表示する","searchName":"「QuickTime Player」で字幕やキャプションを表示する"},"qtp31dfa136d":{"name":"画面サイズを選択する","searchName":"「QuickTime Player」で画面サイズを選択する"},"qtp5a6251741":{"name":"クリップを回転する／反転する","searchName":"「QuickTime Player」でクリップを回転する／反転する"},"qtp2b2c62378":{"name":"iTunes でムービーを共有する","searchName":"QuickTime Player を使ってムービーを iTunes に保存する"},"qtpa4808515d":{"name":"キーボードショートカットとジェスチャ","searchName":"QuickTime Player のキーボードショートカットとジェスチャ"},"qtp00386594f":{"name":"ムービーまたはクリップを追加する","searchName":"「QuickTime Player」でムービーまたはクリップを追加する"},"qtp6cee0761b":{"name":"ファイルを開く／再生する","searchName":"「QuickTime Player」でファイルを開く／再生する"},"qtpf2115f6fd":{"name":"ムービーまたはクリップをトリムする","searchName":"「QuickTime Player」でムービーまたはクリップをトリムする"},"qtp797f6599f":{"name":"自動化のヒント","searchName":"「QuickTime Player」の自動化のヒント"},"qtp20e395859":{"name":"ムービーを書き出す","searchName":"「QuickTime Player」を使用して、ムービーをほかのファイルフォーマットおよび解像度で書き出す"},"qtp5d9178614":{"name":"収録を保存する／収録名を変更する","searchName":"「QuickTime Player」で収録を保存する／収録名を変更する"},"qtpf25d6f827":{"name":"オーディオのみを収録する","searchName":"「QuickTime Player」でオーディオを収録する"},"qtp715f653a1":{"name":"収録を削除する","searchName":"「QuickTime Player」で収録を削除する"},"qtp356b55534":{"name":"ムービーを収録する","searchName":"「QuickTime Player」でムービーを記録する"},"qtp4c0cd59d1":{"name":"ムービーのサウンドトラックを選択する","searchName":"「QuickTime Player」でムービーのサウンドトラックを選択する"},"qtplayer35488":{"name":"QuickTime Player ヘルプ","href":"qtplayer35488.html","categories":["landing"]},"qtp50f3ec11e":{"name":"再生コントロール","categories":["aside"]},"qtpa2d90df3d":{"name":"ムービーをクリップに分割する","searchName":"「QuickTime Player」を使ってムービーをクリップに分割する"},"qtp1ad6fa3c1":{"name":"ムービーを共有する","searchName":"「QuickTime Player」からムービーを共有する"}},"copyright_text":"Copyright © 2016 Apple Inc.All rights reserved."}