{"css":"","framework":"duck-10.1.0","title":"QuickTime Player-Hilfe","build_id":"5791b404680ce28044c23454","quick_links":[],"icon":"..\/SharedGlobalArt\/AppIconDefault_QuickTime.png","sections":{"qtp054892646":{"name":"Bearbeiten eines Films","children":["qtpa2d90df3d","qtp43812ed7b","qtp00386594f","qtp5a6251741","qtpf2115f6fd","qtp797f6599f"]},"qtpd7929a6fc":{"name":"Sichern oder Löschen einer Datei","children":["qtp5d9178614","qtp715f653a1"]},"qtpd44e0f677":{"name":"Wiedergeben einer Datei","children":["qtp6cee0761b","qtp31dfa136d","qtped9fbc349","qtp4c0cd59d1","qtp65619118c"]},"qtpeea5d1e58":{"name":"Erstellen einer neuen Aufnahme","children":["qtp97b08e666","qtp356b55534","qtpf25d6f827"]},"qtp35b543d90":{"name":"Bereitstellen oder Exportieren Ihrer Filme","children":["qtp1ad6fa3c1","qtp2b2c62378","qtp20e395859"]}},"birdseed_version":5,"toc":["qtp0b2a7fc85","qtpd44e0f677","qtpeea5d1e58","qtp054892646","qtpd7929a6fc","qtp35b543d90","qtpa4808515d"],"locale":"de","version":"10.12","source_schema":"apd-schema","enable_tracking":false,"platform":"mac","build_date":"2016.07.22-03:19:08","landing":"qtplayer35488","product":"quicktime","urls":{},"copyright":"","show_previous_next":false,"topics":{"qtp0b2a7fc85":{"name":"QuickTime Player – Übersicht"},"qtp43812ed7b":{"name":"Neuanordnen von Filmclips","searchName":"Neuanordnen von Filmclips im QuickTime Player"},"qtp65619118c":{"name":"Abrufen von Informationen zu einer Videodatei","searchName":"Abrufen von Informationen zu einer Videodatei im QuickTime Player"},"qtp97b08e666":{"name":"Erstellen von Bildschirmaufnahmen","searchName":"Erstellen von Bildschirmaufnahmen mit QuickTime Player"},"qtped9fbc349":{"name":"Anzeigen von Untertiteln","searchName":"Anzeigen von Untertiteln im QuickTime Player"},"qtp31dfa136d":{"name":"Auswählen einer Bildschirmgröße","searchName":"Auswählen einer Bildschirmgröße im QuickTime Player"},"qtp5a6251741":{"name":"Drehen oder Spiegeln eines Clips","searchName":"Drehen oder Spiegeln eines Clips im QuickTime Player"},"qtp2b2c62378":{"name":"Bereitstellen Ihrer Filme in iTunes","searchName":"Sichern Ihres Films in iTunes mit QuickTime Player"},"qtpa4808515d":{"name":"Tastaturkurzbefehle und Gesten","searchName":"QuickTime Player-Tastaturkurzbefehle und -Gesten"},"qtp00386594f":{"name":"Hinzufügen eines Films oder Clips","searchName":"Hinzufügen eines Films oder Clips im QuickTime Player"},"qtp6cee0761b":{"name":"Öffnen und Wiedergeben einer Datei","searchName":"Öffnen und Wiedergeben einer Datei im  QuickTime Player"},"qtpf2115f6fd":{"name":"Trimmen eines Films oder Clips","searchName":"Trimmen eines Films oder Clips im QuickTime Player"},"qtp797f6599f":{"name":"Tipps für die Automation","searchName":"QuickTime Player – Tipps für die Automation"},"qtp20e395859":{"name":"Exportieren von Filmen","searchName":"Exportieren von Filmen in andere Dateiformate und Auflösungen mit QuickTime Player"},"qtp5d9178614":{"name":"Sichern und Umbenennen einer Aufnahme","searchName":"Sichern und Umbenennen einer Aufnahme im QuickTime Player"},"qtpf25d6f827":{"name":"Aufnehmen von Nur-Audio","searchName":"Aufnehmen von Audiomaterial mit QuickTime Player"},"qtp715f653a1":{"name":"Löschen einer Aufnahme","searchName":"Löschen einer Aufnahme im QuickTime Player"},"qtp356b55534":{"name":"Aufnehmen eines Films","searchName":"Aufnehmen eines Films mit QuickTime Player"},"qtp4c0cd59d1":{"name":"Auswählen eines Soundtracks für einen Film","searchName":"Auswählen eines Soundtracks für einen Film im QuickTime Player"},"qtplayer35488":{"name":"QuickTime Player-Hilfe","href":"qtplayer35488.html","categories":["landing"]},"qtp50f3ec11e":{"name":"Wiedergabesteuerungen","categories":["aside"]},"qtpa2d90df3d":{"name":"Aufteilen eines Films in Clips","searchName":"Aufteilen eines Films in Clips mit QuickTime Player"},"qtp1ad6fa3c1":{"name":"Bereitstellen Ihrer Filme","searchName":"Bereitstellen Ihrer Filme mit QuickTime Player"}},"copyright_text":"Copyright © 2016 Apple Inc. Alle Rechte vorbehalten."}