{"css":"","framework":"duck-10.1.0","title":"עזרה בנושא QuickTime Player","build_id":"5791b402680ce28044c23446","quick_links":[],"icon":"..\/SharedGlobalArt\/AppIconDefault_QuickTime.png","sections":{"qtp054892646":{"name":"עריכת סרט","children":["qtpa2d90df3d","qtp43812ed7b","qtp00386594f","qtp5a6251741","qtpf2115f6fd","qtp797f6599f"]},"qtpd7929a6fc":{"name":"שמירה או מחיקה של קובץ","children":["qtp5d9178614","qtp715f653a1"]},"qtpd44e0f677":{"name":"הפעלת קובץ","children":["qtp6cee0761b","qtp31dfa136d","qtped9fbc349","qtp4c0cd59d1","qtp65619118c"]},"qtpeea5d1e58":{"name":"יצירת הקלטה חדשה","children":["qtp97b08e666","qtp356b55534","qtpf25d6f827"]},"qtp35b543d90":{"name":"שיתוף או ייצוא של הסרטים שלך","children":["qtp1ad6fa3c1","qtp2b2c62378","qtp20e395859"]}},"birdseed_version":5,"toc":["qtp0b2a7fc85","qtpd44e0f677","qtpeea5d1e58","qtp054892646","qtpd7929a6fc","qtp35b543d90","qtpa4808515d"],"locale":"he","version":"10.12","source_schema":"apd-schema","enable_tracking":false,"platform":"mac","build_date":"2016.07.22-04:27:26","landing":"qtplayer35488","product":"quicktime","urls":{},"copyright":"","show_previous_next":false,"topics":{"qtp0b2a7fc85":{"name":"סקירת QuickTime Player"},"qtp43812ed7b":{"name":"ארגון מחדש של קטעי סרט","searchName":"ארגון מחדש של קטעי סרט ב-QuickTime Player"},"qtp65619118c":{"name":"הצגת מידע לגבי קובץ סרט","searchName":"הצגת מידע לגבי קובץ סרט ב-QuickTime Player"},"qtp97b08e666":{"name":"הקלטת המסך","searchName":"הקלט\/י את המסך שלך עם QuickTime Player"},"qtped9fbc349":{"name":"הצגת כתוביות או כותרות","searchName":"הצגת כתוביות או כותרות ב-QuickTime Player"},"qtp31dfa136d":{"name":"בחירת גודל מסך","searchName":"בחר\/י גודל מסך ב-QuickTime Player"},"qtp5a6251741":{"name":"סיבוב או היפוך של קליפ","searchName":"סיבוב או היפוך של קליפ ב-QuickTime Player"},"qtp2b2c62378":{"name":"שיתוף הסרטים שלך ב-iTunes","searchName":"שמירת הסרט ב-iTunes באמצעות QuickTime Player"},"qtpa4808515d":{"name":"קיצורי מקלדת ומחוות","searchName":"קיצורי מקלדת ומחוות עבור QuickTime Player"},"qtp00386594f":{"name":"הוספת סרט או קליפ","searchName":"הוספת סרט או קליפ ב-QuickTime Player"},"qtp6cee0761b":{"name":"פתיחה והפעלה של קובץ","searchName":"פתיחה והפעלה של קובץ ב-QuickTime Player"},"qtpf2115f6fd":{"name":"חיתוך סרט או קליפ","searchName":"חיתוך סרט או קליפ ב-QuickTime Player"},"qtp797f6599f":{"name":"טיפים של פעולות אוטומטיות","searchName":"טיפים של פעולות אוטומטיות של QuickTime Player"},"qtp20e395859":{"name":"ייצוא סרטים","searchName":"ייצוא סרטים למבני קובץ ורזולוציות אחרים באמצעות QuickTime Player"},"qtp5d9178614":{"name":"שמירה או שינוי שם של הקלטה","searchName":"שמירה או שינוי שם של הקלטה ב-QuickTime Player"},"qtpf25d6f827":{"name":"הקלטת שמע בלבד","searchName":"הקלט\/י שמע עם QuickTime Player"},"qtp715f653a1":{"name":"מחיקת הקלטה","searchName":"מחיקת הקלטה ב-QuickTime Player"},"qtp356b55534":{"name":"הקלטת סרט","searchName":"הקלט\/י סרט עם QuickTime Player"},"qtp4c0cd59d1":{"name":"בחירת הפסקול עבור סרט","searchName":"בחר\/י את הפסקול עבור סרט ב-QuickTime Player"},"qtplayer35488":{"name":"עזרה בנושא QuickTime Player","href":"qtplayer35488.html","categories":["landing"]},"qtp50f3ec11e":{"name":"בקרי השמעה","categories":["aside"]},"qtpa2d90df3d":{"name":"פיצול סרט לקליפים","searchName":"פיצול סרט לקליפים באמצעות QuickTime Player"},"qtp1ad6fa3c1":{"name":"שיתוף סרטים","searchName":"שתף\/י את הסרטים שלך מתוך QuickTime Player"}},"copyright_text":"‏© 2016 Apple בע״מ. כל הזכויות שמורות."}