{"css":"","framework":"duck-10.1.0","title":"Pomoc QuickTime Player","build_id":"5791b413680ce28044c234cb","quick_links":[],"icon":"..\/SharedGlobalArt\/AppIconDefault_QuickTime.png","sections":{"qtp054892646":{"name":"Edytowanie filmu","children":["qtpa2d90df3d","qtp43812ed7b","qtp00386594f","qtp5a6251741","qtpf2115f6fd","qtp797f6599f"]},"qtpd7929a6fc":{"name":"Zachowywanie lub usuwanie pliku","children":["qtp5d9178614","qtp715f653a1"]},"qtpd44e0f677":{"name":"Odtwarzanie pliku","children":["qtp6cee0761b","qtp31dfa136d","qtped9fbc349","qtp4c0cd59d1","qtp65619118c"]},"qtpeea5d1e58":{"name":"Tworzenie nowego nagrania","children":["qtp97b08e666","qtp356b55534","qtpf25d6f827"]},"qtp35b543d90":{"name":"Udostępnianie lub eksportowanie filmów","children":["qtp1ad6fa3c1","qtp2b2c62378","qtp20e395859"]}},"birdseed_version":5,"toc":["qtp0b2a7fc85","qtpd44e0f677","qtpeea5d1e58","qtp054892646","qtpd7929a6fc","qtp35b543d90","qtpa4808515d"],"locale":"pl","version":"10.12","source_schema":"apd-schema","enable_tracking":false,"platform":"mac","build_date":"2016.07.22-04:22:55","landing":"qtplayer35488","product":"quicktime","urls":{},"copyright":"","show_previous_next":false,"topics":{"qtp0b2a7fc85":{"name":"QuickTime Player — omówienie"},"qtp43812ed7b":{"name":"Zmiana kolejności klipów filmu","searchName":"Zmiana kolejności klipów filmu za pomocą programu QuickTime Player"},"qtp65619118c":{"name":"Wyświetlanie informacji o filmie","searchName":"Podgląd informacji o filmie w programie QuickTime Player"},"qtp97b08e666":{"name":"Nagrywanie z ekranu","searchName":"Nagrywanie z ekranu za pomocą programu QuickTime Player"},"qtped9fbc349":{"name":"Wyświetlanie napisów i podpisów","searchName":"Wyświetlanie napisów i podpisów w programie QuickTime Player"},"qtp31dfa136d":{"name":"Wybieranie wielkości ekranu","searchName":"Wybieranie wielkości ekranu w programie QuickTime Player"},"qtp5a6251741":{"name":"Obracanie lub odwracanie klipu","searchName":"Obracanie lub odwracanie klipu za pomocą programu QuickTime Player"},"qtp2b2c62378":{"name":"Udostępnianie filmów w iTunes","searchName":"Zachowywanie filmu w iTunes za pomocą programu QuickTime Player"},"qtpa4808515d":{"name":"Skróty klawiszowe oraz gesty","searchName":"Skróty klawiszowe oraz gesty w programie QuickTime Player"},"qtp00386594f":{"name":"Dodawanie filmu lub klipu","searchName":"Dodawanie filmu lub klipu za pomocą programu QuickTime Player"},"qtp6cee0761b":{"name":"Otwieranie i odtwarzanie pliku","searchName":"Otwieranie i odtwarzanie pliku w programie QuickTime Player"},"qtpf2115f6fd":{"name":"Przycinanie filmu lub klipu","searchName":"Przycinanie filmu lub klipu za pomocą programu QuickTime Player"},"qtp797f6599f":{"name":"Porady dotyczące automatyzacji","searchName":"Porady dotyczące automatyzacji w QuickTime Playerze"},"qtp20e395859":{"name":"Eksportowanie filmów","searchName":"Eksportowanie filmów w innych formatach i rozdzielczościach za pomocą programu QuickTime Player"},"qtp5d9178614":{"name":"Zachowywanie nagranie lub zmiana jego nazwy","searchName":"Zachowywanie nagrania lub zmiana jego nazwy w programie QuickTime Player"},"qtpf25d6f827":{"name":"Nagrywanie tylko dźwięku","searchName":"Nagrywanie dźwięku za pomocą programu QuickTime Player"},"qtp715f653a1":{"name":"Usuwanie nagrania","searchName":"Usuwanie nagrania w programie QuickTime Player"},"qtp356b55534":{"name":"Nagrywanie filmu","searchName":"Nagrywanie filmu za pomocą programu QuickTime Player"},"qtp4c0cd59d1":{"name":"Wybieranie ścieżki dźwiękowej dla filmu","searchName":"Wybieranie ścieżki dźwiękowej dla filmu w programie QuickTime Player"},"qtplayer35488":{"name":"Pomoc QuickTime Player","href":"qtplayer35488.html","categories":["landing"]},"qtp50f3ec11e":{"name":"narzędzia odtwarzania","categories":["aside"]},"qtpa2d90df3d":{"name":"Dzielenie filmu na klipy","searchName":"Dzielenie filmu na klipy za pomocą programu QuickTime Player"},"qtp1ad6fa3c1":{"name":"Udostępnianie filmów","searchName":"Udostępnianie lub eksportowanie filmów z programu QuickTime Player"}},"copyright_text":"Copyright © 2016 Apple Inc. Wszystkie prawa zastrzeżone."}