{"css":"","framework":"duck-10.1.0","title":"Ajuda QuickTime Player","build_id":"5791b412680ce28044c234c4","quick_links":[],"icon":"..\/SharedGlobalArt\/AppIconDefault_QuickTime.png","sections":{"qtp054892646":{"name":"Editar una pel·lícula","children":["qtpa2d90df3d","qtp43812ed7b","qtp00386594f","qtp5a6251741","qtpf2115f6fd","qtp797f6599f"]},"qtpd7929a6fc":{"name":"Desar o eliminar un arxiu","children":["qtp5d9178614","qtp715f653a1"]},"qtpd44e0f677":{"name":"Reproduir un arxiu","children":["qtp6cee0761b","qtp31dfa136d","qtped9fbc349","qtp4c0cd59d1","qtp65619118c"]},"qtpeea5d1e58":{"name":"Crear una gravació nova","children":["qtp97b08e666","qtp356b55534","qtpf25d6f827"]},"qtp35b543d90":{"name":"Compartir o exportar les pel·lícules","children":["qtp1ad6fa3c1","qtp2b2c62378","qtp20e395859"]}},"birdseed_version":5,"toc":["qtp0b2a7fc85","qtpd44e0f677","qtpeea5d1e58","qtp054892646","qtpd7929a6fc","qtp35b543d90","qtpa4808515d"],"locale":"ca","version":"10.12","source_schema":"apd-schema","enable_tracking":false,"platform":"mac","build_date":"2016.07.22-04:19:18","landing":"qtplayer35488","product":"quicktime","urls":{},"copyright":"","show_previous_next":false,"topics":{"qtp0b2a7fc85":{"name":"Visió general del QuickTime Player"},"qtp43812ed7b":{"name":"Reorganitzar el clips d’una pel·lícula","searchName":"Reorganitzar els clips d’una pel·lícula amb el QuickTime Player"},"qtp65619118c":{"name":"Veure informació sobre un arxiu de pel·lícula","searchName":"Veure informació sobre un arxiu de pel·lícula a QuickTime Player"},"qtp97b08e666":{"name":"Gravar la pantalla","searchName":"Gravar la pantalla amb el QuickTime Player"},"qtped9fbc349":{"name":"Mostrar subtítols o títols","searchName":"Mostrar subtítols o títols al QuickTime Player"},"qtp31dfa136d":{"name":"Triar una mida de pantalla","searchName":"Triar una mida de pantalla al QuickTime Player"},"qtp5a6251741":{"name":"Girar o invertir un clip","searchName":"Girar o invertir un clip al QuickTime Player"},"qtp2b2c62378":{"name":"Compartir les pel·lícules a l’iTunes","searchName":"Desar la pel·lícula a l'iTunes amb QuickTime Player"},"qtpa4808515d":{"name":"Gestos i dreceres de teclat","searchName":"Gestos i dreceres del teclat del QuickTime Player"},"qtp00386594f":{"name":"Afegir una pel·lícula o un clip","searchName":"Afegir una pel·lícula o un clip al QuickTime Player"},"qtp6cee0761b":{"name":"Obrir i reproduir un arxiu","searchName":"Obrir i reproduir un arxiu al QuickTime Player"},"qtpf2115f6fd":{"name":"Escurçar una pel·lícula o un clip","searchName":"Escurçar una pel·lícula o un clip al QuickTime Player"},"qtp797f6599f":{"name":"Consells d’automatització","searchName":"Consells d’automatització del QuickTime Player"},"qtp20e395859":{"name":"Exportar pel·lícules","searchName":"Exportar pel·lícules a altres resolucions i format d'arxius utilitzant QuickTime Player"},"qtp5d9178614":{"name":"Desar una gravació o canviar-ne el nom","searchName":"Desar una gravació o canviar-ne el nom al QuickTime Player"},"qtpf25d6f827":{"name":"Gravar només àudio","searchName":"Gravar àudio amb el QuickTime Player"},"qtp715f653a1":{"name":"Eliminar una gravació","searchName":"Eliminar una gravació al QuickTime Player"},"qtp356b55534":{"name":"Gravar una pel·lícula","searchName":"Gravar una pel·lícula amb el QuickTime Player"},"qtp4c0cd59d1":{"name":"Triar la banda sonora d’una pel·lícula","searchName":"Triar la banda sonora d’una pel·lícula al QuickTime Player"},"qtplayer35488":{"name":"Ajuda QuickTime Player","href":"qtplayer35488.html","categories":["landing"]},"qtp50f3ec11e":{"name":"controls de reproducció","categories":["aside"]},"qtpa2d90df3d":{"name":"Dividir una pel·lícula en clips","searchName":"Dividir una pel·lícula en clips amb el QuickTime Player"},"qtp1ad6fa3c1":{"name":"Compartir les pel·lícules","searchName":"Compartir les pel·lícules del QuickTime Player"}},"copyright_text":"Copyright © 2016 Apple Inc. Tots els drets reservats."}