{"css":"","framework":"duck-10.1.0","title":"A QuickTime Player súgója","build_id":"5791b414680ce28044c234d2","quick_links":[],"icon":"..\/SharedGlobalArt\/AppIconDefault_QuickTime.png","sections":{"qtp054892646":{"name":"Film szerkesztése","children":["qtpa2d90df3d","qtp43812ed7b","qtp00386594f","qtp5a6251741","qtpf2115f6fd","qtp797f6599f"]},"qtpd7929a6fc":{"name":"Fájl mentése vagy törlése","children":["qtp5d9178614","qtp715f653a1"]},"qtpd44e0f677":{"name":"Fájl lejátszása","children":["qtp6cee0761b","qtp31dfa136d","qtped9fbc349","qtp4c0cd59d1","qtp65619118c"]},"qtpeea5d1e58":{"name":"Új felvétel létrehozása","children":["qtp97b08e666","qtp356b55534","qtpf25d6f827"]},"qtp35b543d90":{"name":"Filmek megosztása vagy exportálása","children":["qtp1ad6fa3c1","qtp2b2c62378","qtp20e395859"]}},"birdseed_version":5,"toc":["qtp0b2a7fc85","qtpd44e0f677","qtpeea5d1e58","qtp054892646","qtpd7929a6fc","qtp35b543d90","qtpa4808515d"],"locale":"hu","version":"10.12","source_schema":"apd-schema","enable_tracking":false,"platform":"mac","build_date":"2016.07.22-04:26:32","landing":"qtplayer35488","product":"quicktime","urls":{},"copyright":"","show_previous_next":false,"topics":{"qtp0b2a7fc85":{"name":"A QuickTime Player áttekintése"},"qtp43812ed7b":{"name":"Filmklipek átrendezése","searchName":"Filmklipek átrendezése a QuickTime Player alkalmazásban"},"qtp65619118c":{"name":"Filmfájl adatainak megtekintése","searchName":"Filmfájl adatainak megtekintése a QuickTime Player programban"},"qtp97b08e666":{"name":"Felvétel készítése a képernyőről","searchName":"Felvétel készítése a képernyőről a QuickTime Player segítségével"},"qtped9fbc349":{"name":"Feliratok vagy szöveges átiratok megjelenítése","searchName":"Feliratok vagy szöveges átiratok megjelenítése a QuickTime Player alkalmazásban"},"qtp31dfa136d":{"name":"Képernyőméret kiválasztása","searchName":"Képernyőméret kiválasztása a QuickTime Player alkalmazásban"},"qtp5a6251741":{"name":"Klip forgatása vagy tükrözése","searchName":"Klip forgatása vagy tükrözése a QuickTime Player alkalmazásban"},"qtp2b2c62378":{"name":"Filmek megosztása az iTunes alkalmazásban","searchName":"Film mentése az iTunes alkalmazásba a QuickTime Player használatával"},"qtpa4808515d":{"name":"Billentyűparancsok és kézmozdulatok","searchName":"Billentyűparancsok és kézmozdulatok a QuickTime Player alkalmazásban"},"qtp00386594f":{"name":"Film vagy klip hozzáadása","searchName":"Film vagy klip hozzáadása a QuickTime Player alkalmazásban"},"qtp6cee0761b":{"name":"Fájl megnyitása és lejátszása","searchName":"Fájl megnyitása és lejátszása a QuickTime Player alkalmazásban"},"qtpf2115f6fd":{"name":"Film vagy klip vágása","searchName":"Film vagy klip vágása a QuickTime Player alkalmazásban"},"qtp797f6599f":{"name":"Automatizálási tippek","searchName":"QuickTime Player - automatizálási tippek"},"qtp20e395859":{"name":"Filmek exportálása","searchName":"Filmek exportálása más fájlformátumokba és felbontásokba a QuickTime Player használatával"},"qtp5d9178614":{"name":"Felvétel mentése vagy átnevezése","searchName":"Felvétel mentése vagy átnevezése a QuickTime Player alkalmazásban"},"qtpf25d6f827":{"name":"Csak hang felvétele","searchName":"Hang felvétele a QuickTime Player segítségével"},"qtp715f653a1":{"name":"Felvétel törlése","searchName":"Felvétel törlése a QuickTime Player alkalmazásban"},"qtp356b55534":{"name":"Film felvétele","searchName":"Film felvétele a QuickTime Player segítségével"},"qtp4c0cd59d1":{"name":"Film filmzenéjének kiválasztása","searchName":"Film filmzenéjének kiválasztása a QuickTime Player alkalmazásban"},"qtplayer35488":{"name":"A QuickTime Player súgója","href":"qtplayer35488.html","categories":["landing"]},"qtp50f3ec11e":{"name":"lejátszásvezérlők","categories":["aside"]},"qtpa2d90df3d":{"name":"Film feldarabolása klipekre","searchName":"Film feldarabolása klipekre a QuickTime Player segítségével"},"qtp1ad6fa3c1":{"name":"Filmek megosztása","searchName":"Filmek megosztása a QuickTime Player alkalmazásból"}},"copyright_text":"Copyright © 2016 Apple Inc. Minden jog fenntartva."}