{"css":"","framework":"duck-10.1.0","title":"Ajuda QuickTime Player","build_id":"5791b409680ce28044c2347e","quick_links":[],"icon":"..\/SharedGlobalArt\/AppIconDefault_QuickTime.png","sections":{"qtp054892646":{"name":"Edite um filme","children":["qtpa2d90df3d","qtp43812ed7b","qtp00386594f","qtp5a6251741","qtpf2115f6fd","qtp797f6599f"]},"qtpd7929a6fc":{"name":"Salve um apague um arquivo","children":["qtp5d9178614","qtp715f653a1"]},"qtpd44e0f677":{"name":"Reproduza um arquivo","children":["qtp6cee0761b","qtp31dfa136d","qtped9fbc349","qtp4c0cd59d1","qtp65619118c"]},"qtpeea5d1e58":{"name":"Crie uma nova gravação","children":["qtp97b08e666","qtp356b55534","qtpf25d6f827"]},"qtp35b543d90":{"name":"Compartilhe ou exporte seus filmes","children":["qtp1ad6fa3c1","qtp2b2c62378","qtp20e395859"]}},"birdseed_version":5,"toc":["qtp0b2a7fc85","qtpd44e0f677","qtpeea5d1e58","qtp054892646","qtpd7929a6fc","qtp35b543d90","qtpa4808515d"],"locale":"pt-br","version":"10.12","source_schema":"apd-schema","enable_tracking":false,"platform":"mac","build_date":"2016.07.22-04:17:39","landing":"qtplayer35488","product":"quicktime","urls":{},"copyright":"","show_previous_next":false,"topics":{"qtp0b2a7fc85":{"name":"Visão Geral do QuickTime Player"},"qtp43812ed7b":{"name":"Reorganize clipes de filme","searchName":"Reorganize clipes de filme no QuickTime Player"},"qtp65619118c":{"name":"Visualize informações sobre um arquivo de filme","searchName":"Como visualizar informações sobre um arquivo de filme no QuickTime Player"},"qtp97b08e666":{"name":"Grave a tela","searchName":"Grave a tela com o QuickTime Player"},"qtped9fbc349":{"name":"Exiba legendas","searchName":"Exiba legendas no QuickTime Player"},"qtp31dfa136d":{"name":"Escolha um tamanho de tela","searchName":"Escolha um tamanho de tela no QuickTime Player"},"qtp5a6251741":{"name":"Gire ou vire um clipe","searchName":"Gire ou vire um clipe no QuickTime Player"},"qtp2b2c62378":{"name":"Compartilhe seus filmes no iTunes","searchName":"Como salvar seu filme no iTunes usando o QuickTime Player"},"qtpa4808515d":{"name":"Gestos e atalhos do teclado","searchName":"Atalhos de teclado e gestos do QuickTime Player"},"qtp00386594f":{"name":"Adicione um filme ou clipe","searchName":"Adicione um filme ou clipe no QuickTime Player"},"qtp6cee0761b":{"name":"Abra e reproduza um arquivo","searchName":"Abra e reproduza um arquivo no QuickTime Player"},"qtpf2115f6fd":{"name":"Recorte um filme ou clipe","searchName":"Recorte um filme ou clipe no QuickTime Player"},"qtp797f6599f":{"name":"Dicas de automação","searchName":"Dicas de automação do QuickTime Player"},"qtp20e395859":{"name":"Exportar filmes","searchName":"Como exportar filmes em outras resoluções e formatos de arquivo usando o QuickTime Player"},"qtp5d9178614":{"name":"Salve ou renomeie uma gravação","searchName":"Salve ou renomeie uma gravação no QuickTime Player"},"qtpf25d6f827":{"name":"Grave somente áudio","searchName":"Grave áudio com o QuickTime Player"},"qtp715f653a1":{"name":"Apague uma gravação","searchName":"Apague uma gravação no QuickTime Player"},"qtp356b55534":{"name":"Grave um filme","searchName":"Grave um filme com o QuickTime Player"},"qtp4c0cd59d1":{"name":"Escolha a trilha sonora do filme","searchName":"Escolha a trilha sonora do filme no QuickTime Player"},"qtplayer35488":{"name":"Ajuda QuickTime Player","href":"qtplayer35488.html","categories":["landing"]},"qtp50f3ec11e":{"name":"controles de reprodução","categories":["aside"]},"qtpa2d90df3d":{"name":"Divida um filme em clipes","searchName":"Divida um filme em clipes usando o QuickTime Player"},"qtp1ad6fa3c1":{"name":"Compartilhe seus filmes","searchName":"Compartilhe seus filmes usando o QuickTime Player"}},"copyright_text":"Copyright © 2016 Apple Inc. Todos os direitos reservados."}