{"css":"","framework":"duck-10.1.0","title":"Довідка QuickTime Player","build_id":"5791b410680ce28044c234b6","quick_links":[],"icon":"..\/SharedGlobalArt\/AppIconDefault_QuickTime.png","sections":{"qtp054892646":{"name":"Редагування фільму","children":["qtpa2d90df3d","qtp43812ed7b","qtp00386594f","qtp5a6251741","qtpf2115f6fd","qtp797f6599f"]},"qtpd7929a6fc":{"name":"Зберігання і видалення файлів","children":["qtp5d9178614","qtp715f653a1"]},"qtpd44e0f677":{"name":"Відтворення файлу","children":["qtp6cee0761b","qtp31dfa136d","qtped9fbc349","qtp4c0cd59d1","qtp65619118c"]},"qtpeea5d1e58":{"name":"Створення нового запису","children":["qtp97b08e666","qtp356b55534","qtpf25d6f827"]},"qtp35b543d90":{"name":"Надсилання й експортування фільмів","children":["qtp1ad6fa3c1","qtp2b2c62378","qtp20e395859"]}},"birdseed_version":5,"toc":["qtp0b2a7fc85","qtpd44e0f677","qtpeea5d1e58","qtp054892646","qtpd7929a6fc","qtp35b543d90","qtpa4808515d"],"locale":"uk","version":"10.12","source_schema":"apd-schema","enable_tracking":false,"platform":"mac","build_date":"2016.07.22-04:34:36","landing":"qtplayer35488","product":"quicktime","urls":{},"copyright":"","show_previous_next":false,"topics":{"qtp0b2a7fc85":{"name":"Огляд програми QuickTime Player"},"qtp43812ed7b":{"name":"Перевпорядкування відеоуривків","searchName":"Перевпорядковуйте відеоуривки за допомогою QuickTime Player"},"qtp65619118c":{"name":"Перегляд інформації про файл фільму","searchName":"Перегляд інформації про файл фільму у програмі QuickTime Player"},"qtp97b08e666":{"name":"Записування з екрана","searchName":"Записуйте свій екран за допомогою QuickTime Player"},"qtped9fbc349":{"name":"Відображення субтитрів і супровідного тексту","searchName":"Відображайте субтитри і супровідний текст у QuickTime Player"},"qtp31dfa136d":{"name":"Вибір розміру екрана","searchName":"Вибирайте розмір екрана у QuickTime Player"},"qtp5a6251741":{"name":"Повертання чи перегортання уривка","searchName":"Повертайте або перегортайте уривок у QuickTime Player"},"qtp2b2c62378":{"name":"Надсилайте свої фільми в iTunes","searchName":"Зберігання фільмів у iTunes за допомогою QuickTime Player"},"qtpa4808515d":{"name":"Клавіатурні скорочення і жести","searchName":"Клавіатурні скорочення й жести QuickTime Player"},"qtp00386594f":{"name":"Додавайте фільм або уривок","searchName":"Додавайте фільм або уривок у QuickTime Player"},"qtp6cee0761b":{"name":"Відкривання і відтворення файлів","searchName":"Відкривайте і відтворюйте файли у QuickTime Player"},"qtpf2115f6fd":{"name":"Обрізування фільмів та уривків","searchName":"Обрізайте фільм або уривок у QuickTime Player"},"qtp797f6599f":{"name":"Поради з автоматизації","searchName":"Поради з автоматизації для QuickTime Player"},"qtp20e395859":{"name":"Експорт фільмів","searchName":"Експорт фільмів у інші формати та з іншою роздільністю за допомогою QuickTime Player"},"qtp5d9178614":{"name":"Збереження або перейменування запису","searchName":"Зберігайте або перейменовуйте запис у QuickTime Player"},"qtpf25d6f827":{"name":"Записування лише звуку","searchName":"Записування звуку за допомогою QuickTime Player"},"qtp715f653a1":{"name":"Видалення запису","searchName":"Видаляйте запис у QuickTime Player"},"qtp356b55534":{"name":"Записування фільму","searchName":"Записуйте фільм за допомогою QuickTime Player"},"qtp4c0cd59d1":{"name":"Вибір звукової доріжки для фільму","searchName":"Вибирайте звукову доріжку для фільму в QuickTime Player"},"qtplayer35488":{"name":"Довідка QuickTime Player","href":"qtplayer35488.html","categories":["landing"]},"qtp50f3ec11e":{"name":"елементи керування відтворенням","categories":["aside"]},"qtpa2d90df3d":{"name":"Розділення фільму на уривки","searchName":"Розділяйте фільм на уривки за допомогою QuickTime Player"},"qtp1ad6fa3c1":{"name":"Надсилання фільмів іншим","searchName":"Надсилайте фільми з QuickTime Player"}},"copyright_text":"© 2016, Apple Inc. Всі права захищені."}