{"css":"","framework":"duck-10.1.0","title":"Pomocník pre QuickTime Player","build_id":"5791b415680ce28044c234d9","quick_links":[],"icon":"..\/SharedGlobalArt\/AppIconDefault_QuickTime.png","sections":{"qtp054892646":{"name":"Úprava filmu","children":["qtpa2d90df3d","qtp43812ed7b","qtp00386594f","qtp5a6251741","qtpf2115f6fd","qtp797f6599f"]},"qtpd7929a6fc":{"name":"Uloženie alebo vymazanie súboru","children":["qtp5d9178614","qtp715f653a1"]},"qtpd44e0f677":{"name":"Prehratie súboru","children":["qtp6cee0761b","qtp31dfa136d","qtped9fbc349","qtp4c0cd59d1","qtp65619118c"]},"qtpeea5d1e58":{"name":"Vytvorenie novej nahrávky","children":["qtp97b08e666","qtp356b55534","qtpf25d6f827"]},"qtp35b543d90":{"name":"Zdieľanie alebo exportovanie filmov","children":["qtp1ad6fa3c1","qtp2b2c62378","qtp20e395859"]}},"birdseed_version":5,"toc":["qtp0b2a7fc85","qtpd44e0f677","qtpeea5d1e58","qtp054892646","qtpd7929a6fc","qtp35b543d90","qtpa4808515d"],"locale":"sk","version":"10.12","source_schema":"apd-schema","enable_tracking":false,"platform":"mac","build_date":"2016.07.22-04:19:30","landing":"qtplayer35488","product":"quicktime","urls":{},"copyright":"","show_previous_next":false,"topics":{"qtp0b2a7fc85":{"name":"Prehľad aplikácie QuickTime Player"},"qtp43812ed7b":{"name":"Preskupenie filmových klipov","searchName":"Preskupenie filmových klipov v aplikácii QuickTime Player"},"qtp65619118c":{"name":"Zobrazenie informácií o filmovom súbore","searchName":"Zobrazenie informácií o filmovom súbore v aplikácii QuickTime Player"},"qtp97b08e666":{"name":"Nahrávanie obrazovky","searchName":"Nahrávanie obrazovky pomocou aplikácie QuickTime Player"},"qtped9fbc349":{"name":"Zobrazenie titulkov alebo popisov","searchName":"Zobrazenie titulkov alebo popisov v aplikácii QuickTime Player"},"qtp31dfa136d":{"name":"Výber veľkosti obrazovky","searchName":"Výber veľkosti obrazovky v aplikácii QuickTime Player"},"qtp5a6251741":{"name":"Otočenie alebo preklopenie klipu","searchName":"Otočenie alebo preklopenie klipu v aplikácii QuickTime Player"},"qtp2b2c62378":{"name":"Zdieľanie filmov v iTunes","searchName":"Ukladanie filmov do služby iTunes pomocou prehrávača QuickTime Player"},"qtpa4808515d":{"name":"Klávesové skratky a gestá","searchName":"Klávesové skratky a gestá aplikácie QuickTime Player"},"qtp00386594f":{"name":"Pridanie filmu alebo klipu","searchName":"Pridanie filmu alebo klipu v aplikácii QuickTime Player"},"qtp6cee0761b":{"name":"Otvorenie a prehratie súboru","searchName":"Otvorenie a prehratie súboru v aplikácii QuickTime Player"},"qtpf2115f6fd":{"name":"Orezanie filmu alebo klipu","searchName":"Orezanie filmu alebo klipu v aplikácii QuickTime Player"},"qtp797f6599f":{"name":"Tipy pre automatizáciu","searchName":"Tipy pre automatizáciu prehrávača QuickTime Player"},"qtp20e395859":{"name":"Exportovanie filmov","searchName":"Exportovanie filmov na iné formáty a rozlíšenia pomocou aplikácie QuickTime Player"},"qtp5d9178614":{"name":"Uloženie alebo premenovanie nahrávky","searchName":"Uloženie alebo premenovanie nahrávky v aplikácii QuickTime Player"},"qtpf25d6f827":{"name":"Nahrávanie iba zvuku","searchName":"Nahrávanie zvuku pomocou aplikácie QuickTime Player"},"qtp715f653a1":{"name":"Vymazanie nahrávky","searchName":"Vymazanie nahrávky v aplikácii QuickTime Player"},"qtp356b55534":{"name":"Nahrávanie filmu","searchName":"Nahrávanie filmu pomocou aplikácie QuickTime Player"},"qtp4c0cd59d1":{"name":"Výber zvukovej stopy k filmu","searchName":"Výber zvukovej stopy k filmu v aplikácii QuickTime Player"},"qtplayer35488":{"name":"Pomocník pre QuickTime Player","href":"qtplayer35488.html","categories":["landing"]},"qtp50f3ec11e":{"name":"ovládacie prvky prehrávania","categories":["aside"]},"qtpa2d90df3d":{"name":"Rozdelenie filmu na klipy","searchName":"Rozdelenie filmu na klipy pomocou aplikácie QuickTime Player"},"qtp1ad6fa3c1":{"name":"Zdieľanie filmov","searchName":"Zdieľanie filmov z aplikácie QuickTime Player"}},"copyright_text":"Copyright © 2016 Apple Inc. Všetky práva vyhradené."}