{"css":"","framework":"duck-10.1.0","title":"QuickTime Player 帮助","build_id":"5791b400680ce28044c23438","quick_links":[],"icon":"..\/SharedGlobalArt\/AppIconDefault_QuickTime.png","sections":{"qtp054892646":{"name":"编辑影片","children":["qtpa2d90df3d","qtp43812ed7b","qtp00386594f","qtp5a6251741","qtpf2115f6fd","qtp797f6599f"]},"qtpd7929a6fc":{"name":"存储或删除文件","children":["qtp5d9178614","qtp715f653a1"]},"qtpd44e0f677":{"name":"播放文件","children":["qtp6cee0761b","qtp31dfa136d","qtped9fbc349","qtp4c0cd59d1","qtp65619118c"]},"qtpeea5d1e58":{"name":"新建录制","children":["qtp97b08e666","qtp356b55534","qtpf25d6f827"]},"qtp35b543d90":{"name":"共享或导出影片","children":["qtp1ad6fa3c1","qtp2b2c62378","qtp20e395859"]}},"birdseed_version":5,"toc":["qtp0b2a7fc85","qtpd44e0f677","qtpeea5d1e58","qtp054892646","qtpd7929a6fc","qtp35b543d90","qtpa4808515d"],"locale":"zh-cn","version":"10.12","source_schema":"apd-schema","enable_tracking":false,"platform":"mac","build_date":"2016.07.22-04:14:04","landing":"qtplayer35488","product":"quicktime","urls":{},"copyright":"","show_previous_next":false,"topics":{"qtp0b2a7fc85":{"name":"QuickTime Player 概览"},"qtp43812ed7b":{"name":"重新排列影片剪辑","searchName":"在 QuickTime Player 中重新排列影片剪辑"},"qtp65619118c":{"name":"查看有关影片文件的信息","searchName":"在 QuickTime Player 中查看有关影片文件的信息"},"qtp97b08e666":{"name":"录制屏幕","searchName":"使用 QuickTime Player 录制屏幕"},"qtped9fbc349":{"name":"显示字幕或隐藏式字幕","searchName":"在 QuickTime Player 中显示字幕或隐藏式字幕"},"qtp31dfa136d":{"name":"选取屏幕大小","searchName":"在 QuickTime Player 中选取一种屏幕大小"},"qtp5a6251741":{"name":"旋转或翻转剪辑","searchName":"在 QuickTime Player 中旋转或翻转剪辑"},"qtp2b2c62378":{"name":"将影片共享到 iTunes","searchName":"使用 QuickTime Player 将影片存储到 iTunes"},"qtpa4808515d":{"name":"键盘快捷键和手势","searchName":"QuickTime Player 键盘快捷键和手势"},"qtp00386594f":{"name":"添加影片或剪辑","searchName":"在 QuickTime Player 中添加影片或剪辑"},"qtp6cee0761b":{"name":"打开和播放文件","searchName":"使用 QuickTime Player 打开和播放文件"},"qtpf2115f6fd":{"name":"修剪影片或剪辑","searchName":"在 QuickTime Player 中修剪影片或剪辑"},"qtp797f6599f":{"name":"自动化提示","searchName":"QuickTime Player 自动化提示"},"qtp20e395859":{"name":"导出影片","searchName":"使用 QuickTime Player 将影片导出成其他文件格式和分辨率"},"qtp5d9178614":{"name":"存储录制或给其重新命名","searchName":"在 QuickTime Player 中存储录制或给其重新命名"},"qtpf25d6f827":{"name":"仅录制音频","searchName":"使用 QuickTime Player 录制音频"},"qtp715f653a1":{"name":"删除录制","searchName":"在 QuickTime Player 中删除录制"},"qtp356b55534":{"name":"录制影片","searchName":"使用 QuickTime Player 录制影片"},"qtp4c0cd59d1":{"name":"选取影片的声音轨道","searchName":"在 QuickTime Player 中选取影片的声音轨道"},"qtplayer35488":{"name":"QuickTime Player 帮助","href":"qtplayer35488.html","categories":["landing"]},"qtp50f3ec11e":{"name":"播放控制","categories":["aside"]},"qtpa2d90df3d":{"name":"将影片分离成剪辑","searchName":"使用 QuickTime Player 将影片分离成剪辑"},"qtp1ad6fa3c1":{"name":"共享您的影片","searchName":"从 QuickTime Player 中共享影片"}},"copyright_text":"Copyright © 2016 Apple Inc. 保留一切权利。"}