{"css":"","framework":"duck-10.1.0","title":"Aiuto QuickTime Player","build_id":"5791b3fe680ce28044c2342a","quick_links":[],"icon":"..\/SharedGlobalArt\/AppIconDefault_QuickTime.png","sections":{"qtp054892646":{"name":"Modificare un filmato","children":["qtpa2d90df3d","qtp43812ed7b","qtp00386594f","qtp5a6251741","qtpf2115f6fd","qtp797f6599f"]},"qtpd7929a6fc":{"name":"Salvare o eliminare un file","children":["qtp5d9178614","qtp715f653a1"]},"qtpd44e0f677":{"name":"Riprodurre un file","children":["qtp6cee0761b","qtp31dfa136d","qtped9fbc349","qtp4c0cd59d1","qtp65619118c"]},"qtpeea5d1e58":{"name":"Creare una nuova registrazione","children":["qtp97b08e666","qtp356b55534","qtpf25d6f827"]},"qtp35b543d90":{"name":"Condividere o esportare i filmati","children":["qtp1ad6fa3c1","qtp2b2c62378","qtp20e395859"]}},"birdseed_version":5,"toc":["qtp0b2a7fc85","qtpd44e0f677","qtpeea5d1e58","qtp054892646","qtpd7929a6fc","qtp35b543d90","qtpa4808515d"],"locale":"it","version":"10.12","source_schema":"apd-schema","enable_tracking":false,"platform":"mac","build_date":"2016.07.22-04:21:16","landing":"qtplayer35488","product":"quicktime","urls":{},"copyright":"","show_previous_next":false,"topics":{"qtp0b2a7fc85":{"name":"Panoramica su QuickTime Player"},"qtp43812ed7b":{"name":"Riorganizzare i clip di filmati","searchName":"Riorganizzare i clip di filmati in QuickTime Player"},"qtp65619118c":{"name":"Visualizzare le informazioni relative a un filmato","searchName":"Visualizzare le informazioni relative a un filmato in QuickTime Player"},"qtp97b08e666":{"name":"Registrazione schermo","searchName":"Registrare lo schermo con QuickTime Player"},"qtped9fbc349":{"name":"Mostrare i sottotitoli o le didascalie","searchName":"Mostrare i sottotitoli o le didascalie in QuickTime Player"},"qtp31dfa136d":{"name":"Scegliere una dimensione schermo","searchName":"Scegliere una dimensione schermo in QuickTime Player"},"qtp5a6251741":{"name":"Ruotare o capovolgere un clip","searchName":"Ruotare o capovolgere un clip in QuickTime Player"},"qtp2b2c62378":{"name":"Condividere i filmati in iTunes","searchName":"Salvare il filmato in iTunes con QuickTime Player"},"qtpa4808515d":{"name":"Abbreviazioni da tastiera e gesti","searchName":"Abbreviazioni da tastiera e gesti di QuickTime Player"},"qtp00386594f":{"name":"Aggiungere un filmato o un clip","searchName":"Aggiungere un filmato o un clip in QuickTime Player"},"qtp6cee0761b":{"name":"Aprire e riprodurre un file","searchName":"Aprire e riprodurre un file in QuickTime Player"},"qtpf2115f6fd":{"name":"Tagliare un clip o un filmato","searchName":"Tagliare un filmato o un clip in QuickTime Player"},"qtp797f6599f":{"name":"Suggerimenti automazione","searchName":"Suggerimenti di automazione di QuickTime Player"},"qtp20e395859":{"name":"Esportare filmati","searchName":"Esportare filmati in altri formati file e risoluzioni mediante QuickTime Player"},"qtp5d9178614":{"name":"Salvare o assegnare un nuovo nome a una registrazione","searchName":"Salvare o assegnare un nuovo nome a una registrazione in QuickTime Player"},"qtpf25d6f827":{"name":"Registrare unicamente l'audio","searchName":"Registrare audio con QuickTime Player"},"qtp715f653a1":{"name":"Eliminare una registrazione","searchName":"Eliminare una registrazione in QuickTime Player"},"qtp356b55534":{"name":"Registrare un filmato","searchName":"Registrare un filmato con QuickTime Player"},"qtp4c0cd59d1":{"name":"Scegliere la colonna sonora per un filmato","searchName":"Scegliere la colonna sonora per un filmato in QuickTime Player"},"qtplayer35488":{"name":"Aiuto QuickTime Player","href":"qtplayer35488.html","categories":["landing"]},"qtp50f3ec11e":{"name":"controlli di riproduzione","categories":["aside"]},"qtpa2d90df3d":{"name":"Suddividere un filmato in clip","searchName":"Suddividere un filmato in clip utilizzando QuickTime Player"},"qtp1ad6fa3c1":{"name":"Condividere i filmati","searchName":"Condividere i filmati da QuickTime Player"}},"copyright_text":"Copyright © 2016 Apple Inc. Tutti i diritti riservati."}