{"css":"","framework":"duck-10.1.0","title":"Hjelp for QuickTime Player","build_id":"5791b40c680ce28044c2349a","quick_links":[],"icon":"..\/SharedGlobalArt\/AppIconDefault_QuickTime.png","sections":{"qtp054892646":{"name":"Rediger en film","children":["qtpa2d90df3d","qtp43812ed7b","qtp00386594f","qtp5a6251741","qtpf2115f6fd","qtp797f6599f"]},"qtpd7929a6fc":{"name":"Arkiver eller slett en film","children":["qtp5d9178614","qtp715f653a1"]},"qtpd44e0f677":{"name":"Spill av en fil","children":["qtp6cee0761b","qtp31dfa136d","qtped9fbc349","qtp4c0cd59d1","qtp65619118c"]},"qtpeea5d1e58":{"name":"Opprett et nytt opptak","children":["qtp97b08e666","qtp356b55534","qtpf25d6f827"]},"qtp35b543d90":{"name":"Del eller eksporter filmer","children":["qtp1ad6fa3c1","qtp2b2c62378","qtp20e395859"]}},"birdseed_version":5,"toc":["qtp0b2a7fc85","qtpd44e0f677","qtpeea5d1e58","qtp054892646","qtpd7929a6fc","qtp35b543d90","qtpa4808515d"],"locale":"nb","version":"10.12","source_schema":"apd-schema","enable_tracking":false,"platform":"mac","build_date":"2016.07.22-03:37:32","landing":"qtplayer35488","product":"quicktime","urls":{},"copyright":"","show_previous_next":false,"topics":{"qtp0b2a7fc85":{"name":"Oversikt over QuickTime Player"},"qtp43812ed7b":{"name":"Omorganiser filmklipp","searchName":"Omorganiser filmklipp i QuickTime Player"},"qtp65619118c":{"name":"Vis informasjon om en filmfil","searchName":"Vis informasjon om en filmfil i QuickTime Player"},"qtp97b08e666":{"name":"Ta opp det som skjer på skjermen","searchName":"Ta opp det som skjer på skjermen, med QuickTime Player"},"qtped9fbc349":{"name":"Vis undertekster eller skjult teksting","searchName":"Vis undertekster eller skjult teksting i QuickTime Player"},"qtp31dfa136d":{"name":"Velg en skjermstørrelse","searchName":"Velg en skjermstørrelse i QuickTime Player"},"qtp5a6251741":{"name":"Roter eller vend et klipp","searchName":"Roter eller vend et klipp i QuickTime Player"},"qtp2b2c62378":{"name":"Del filmer på iTunes","searchName":"Arkiver filmen i iTunes ved hjelp av QuickTime Player"},"qtpa4808515d":{"name":"Tastatursnarveier og bevegelser","searchName":"Tastatursnarveier og bevegelser i QuickTime Player"},"qtp00386594f":{"name":"Legg til en film eller et klipp","searchName":"Legg til en film eller et klipp i QuickTime Player"},"qtp6cee0761b":{"name":"Åpne og spill av en fil","searchName":"Åpne og spill av en fil i QuickTime Player"},"qtpf2115f6fd":{"name":"Klipp en film eller et klipp","searchName":"Beskjær en film eller et klipp i QuickTime Player"},"qtp797f6599f":{"name":"Automatiseringstips","searchName":"Automatiseringstips for QuickTime Player"},"qtp20e395859":{"name":"Eksporter filmer","searchName":"Eksporter filmer til andre filformater og oppløsninger ved hjelp av QuickTime Player"},"qtp5d9178614":{"name":"Arkiver eller endre navn på opptak","searchName":"Arkiver eller endre navn på opptak i QuickTime Player"},"qtpf25d6f827":{"name":"Ta opp kun lyd","searchName":"Ta opp lyd med QuickTime Player"},"qtp715f653a1":{"name":"Slett opptak","searchName":"Slett opptak i QuickTime Player"},"qtp356b55534":{"name":"Ta opp en film","searchName":"Ta opp en film med QuickTime Player"},"qtp4c0cd59d1":{"name":"Velg lydspor for en film","searchName":"Velg lydspor for en film i QuickTime Player"},"qtplayer35488":{"name":"Hjelp for QuickTime Player","href":"qtplayer35488.html","categories":["landing"]},"qtp50f3ec11e":{"name":"avspillingskontroller","categories":["aside"]},"qtpa2d90df3d":{"name":"Del en film i klipp","searchName":"Del en film i klipp med QuickTime Player"},"qtp1ad6fa3c1":{"name":"Del filmene dine","searchName":"Del eller eksporter filmer fra QuickTime Player"}},"copyright_text":"Copyright © 2016 Apple Inc. Alle rettigheter forbeholdes."}