{"css":"","framework":"duck-10.1.0","title":"Aide QuickTime Player","build_id":"57950c97094622721d895bc3","quick_links":[],"icon":"..\/SharedGlobalArt\/AppIconDefault_QuickTime.png","sections":{"qtp054892646":{"name":"Modifier une vidéo","children":["qtpa2d90df3d","qtp43812ed7b","qtp00386594f","qtp5a6251741","qtpf2115f6fd","qtp797f6599f"]},"qtpd7929a6fc":{"name":"Enregistrer ou supprimer un fichier","children":["qtp5d9178614","qtp715f653a1"]},"qtpd44e0f677":{"name":"Lire un fichier","children":["qtp6cee0761b","qtp31dfa136d","qtped9fbc349","qtp4c0cd59d1","qtp65619118c"]},"qtpeea5d1e58":{"name":"Créer un enregistrement","children":["qtp97b08e666","qtp356b55534","qtpf25d6f827"]},"qtp35b543d90":{"name":"Partager ou exporter vos vidéos","children":["qtp1ad6fa3c1","qtp2b2c62378","qtp20e395859"]}},"birdseed_version":5,"toc":["qtp0b2a7fc85","qtpd44e0f677","qtpeea5d1e58","qtp054892646","qtpd7929a6fc","qtp35b543d90","qtpa4808515d"],"locale":"fr","version":"10.12","source_schema":"apd-schema","enable_tracking":false,"platform":"mac","build_date":"2016.07.24-11:50:01","landing":"qtplayer35488","product":"quicktime","urls":{},"copyright":"","show_previous_next":false,"topics":{"qtp0b2a7fc85":{"name":"Vue d’ensemble de QuickTime Player"},"qtp43812ed7b":{"name":"Réorganiser les plans d’une vidéo","searchName":"Réorganiser les plans d’une vidéo dans QuickTime Player"},"qtp65619118c":{"name":"Afficher des informations concernant un fichier vidéo","searchName":"Afficher des informations concernant un fichier vidéo dans QuickTime Player"},"qtp97b08e666":{"name":"Enregistrer votre écran","searchName":"Enregistrer votre écran à l’aide de QuickTime Player"},"qtped9fbc349":{"name":"Afficher des sous-titres ou un sous-titrage codé","searchName":"Afficher des sous-titres ou un sous-titrage codé dans QuickTime Player"},"qtp31dfa136d":{"name":"Choisir une taille d’écran","searchName":"Choisir une taille d’écran dans QuickTime Player"},"qtp5a6251741":{"name":"Faire pivoter ou retourner un plan","searchName":"Faire pivoter ou retourner un plan dans QuickTime Player"},"qtp2b2c62378":{"name":"Partager vos vidéos sur iTunes","searchName":"Enregistrer votre vidéo dans iTunes à l’aide de QuickTime Player"},"qtpa4808515d":{"name":"Raccourcis clavier et gestes","searchName":"Raccourcis clavier et gestes QuickTime Player"},"qtp00386594f":{"name":"Ajouter une séquence ou un plan","searchName":"Ajouter une séquence ou un plan dans QuickTime Player"},"qtp6cee0761b":{"name":"Ouvrir et lire un fichier","searchName":"Ouvrir et lire un fichier dans QuickTime Player"},"qtpf2115f6fd":{"name":"Élaguer une séquence ou un plan","searchName":"Élaguer une séquence ou un plan dans QuickTime Player"},"qtp797f6599f":{"name":"Astuces d’automatisation","searchName":"Astuces d’automatisation QuickTime Player"},"qtp20e395859":{"name":"Exporter des vidéos","searchName":"Exporter des séquences dans d’autres formats et résolutions avec QuickTime Player"},"qtp5d9178614":{"name":"Enregistrer ou renommer un enregistrement","searchName":"Enregistrer ou renommer un enregistrement dans QuickTime Player"},"qtpf25d6f827":{"name":"Effectuer un enregistrement audio uniquement","searchName":"Effectuer un enregistrement audio à l’aide de QuickTime Player"},"qtp715f653a1":{"name":"Supprimer un enregistrement","searchName":"Supprimer un enregistrement dans QuickTime Player"},"qtp356b55534":{"name":"Enregistrer une vidéo","searchName":"Enregistrer une vidéo à l’aide de QuickTime Player"},"qtp4c0cd59d1":{"name":"Choisir la bande-son d’une vidéo","searchName":"Choisir la bande-son d’une vidéo dans QuickTime Player"},"qtplayer35488":{"name":"Aide QuickTime Player","href":"qtplayer35488.html","categories":["landing"]},"qtp50f3ec11e":{"name":"commandes de lecture","categories":["aside"]},"qtpa2d90df3d":{"name":"Scinder une vidéo en plans","searchName":"Scinder une vidéo en plans à l’aide de QuickTime Player"},"qtp1ad6fa3c1":{"name":"Partager vos vidéos","searchName":"Partager vos vidéos à partir de QuickTime Player"}},"copyright_text":"Copyright © 2016 Apple Inc. Tous droits réservés."}