{"css":"","framework":"duck-10.1.0","title":"Ajutor QuickTime Player","build_id":"5791b409680ce28044c23485","quick_links":[],"icon":"..\/SharedGlobalArt\/AppIconDefault_QuickTime.png","sections":{"qtp054892646":{"name":"Editarea unui film","children":["qtpa2d90df3d","qtp43812ed7b","qtp00386594f","qtp5a6251741","qtpf2115f6fd","qtp797f6599f"]},"qtpd7929a6fc":{"name":"Salvarea sau ștergerea unui fișier","children":["qtp5d9178614","qtp715f653a1"]},"qtpd44e0f677":{"name":"Redarea unui fișier","children":["qtp6cee0761b","qtp31dfa136d","qtped9fbc349","qtp4c0cd59d1","qtp65619118c"]},"qtpeea5d1e58":{"name":"Crearea unei înregistrări noi","children":["qtp97b08e666","qtp356b55534","qtpf25d6f827"]},"qtp35b543d90":{"name":"Partajarea sau exportarea filmelor","children":["qtp1ad6fa3c1","qtp2b2c62378","qtp20e395859"]}},"birdseed_version":5,"toc":["qtp0b2a7fc85","qtpd44e0f677","qtpeea5d1e58","qtp054892646","qtpd7929a6fc","qtp35b543d90","qtpa4808515d"],"locale":"ro","version":"10.12","source_schema":"apd-schema","enable_tracking":false,"platform":"mac","build_date":"2016.07.22-03:22:45","landing":"qtplayer35488","product":"quicktime","urls":{},"copyright":"","show_previous_next":false,"topics":{"qtp0b2a7fc85":{"name":"Prezentare generală QuickTime Player"},"qtp43812ed7b":{"name":"Rearanjarea clipurilor filmului","searchName":"Rearanjați clipurile filmului în QuickTime Player"},"qtp65619118c":{"name":"Vizualizarea informațiilor despre un fișier de film","searchName":"Vizualizarea informațiilor despre un fișier de film în QuickTime Player"},"qtp97b08e666":{"name":"Înregistrarea ecranului","searchName":"Înregistrați ecranul cu QuickTime Player"},"qtped9fbc349":{"name":"Afișarea subtitrărilor","searchName":"Afișați subtitrări în QuickTime Player"},"qtp31dfa136d":{"name":"Alegerea unei dimensiuni de ecran","searchName":"Alegeți o dimensiune de ecran în QuickTime Player"},"qtp5a6251741":{"name":"Rotirea sau întoarcerea unui clip","searchName":"Rotiți sau întoarceți un clip în QuickTime Player"},"qtp2b2c62378":{"name":"Partajarea filmelor în iTunes","searchName":"Salvați filme în iTunes utilizând QuickTime Player"},"qtpa4808515d":{"name":"Scurtături din tastatură și gesturi","searchName":"Scurtături din tastatură și gesturi QuickTime Player"},"qtp00386594f":{"name":"Adăugați un film sau clip","searchName":"Adăugați un film sau clip în QuickTime Player"},"qtp6cee0761b":{"name":"Deschiderea și redarea unui fișier","searchName":"Deschideți și redați un fișier în QuickTime Player"},"qtpf2115f6fd":{"name":"Scurtarea unui film sau clip","searchName":"Scurtați un film sau clip în QuickTime Player"},"qtp797f6599f":{"name":"Sfaturi automatizare","searchName":"Sfaturi automatizare QuickTime Player"},"qtp20e395859":{"name":"Exportarea filmelor","searchName":"Exportarea filmelor în alte formate de fișier și rezoluții folosind QuickTime Player"},"qtp5d9178614":{"name":"Salvarea sau redenumirea unei înregistrări","searchName":"Salvați sau redenumiți o înregistrare în QuickTime Player"},"qtpf25d6f827":{"name":"Înregistrarea doar audio","searchName":"Înregistrați audio cu QuickTime Player"},"qtp715f653a1":{"name":"Ștergerea unei înregistrări","searchName":"Ștergeți o înregistrare în QuickTime Player"},"qtp356b55534":{"name":"Înregistrarea unui film","searchName":"Înregistrați un film cu QuickTime Player"},"qtp4c0cd59d1":{"name":"Alegerea coloanei sonore pentru un film","searchName":"Alegeți coloana sonoră pentru un film în QuickTime Player"},"qtplayer35488":{"name":"Ajutor QuickTime Player","href":"qtplayer35488.html","categories":["landing"]},"qtp50f3ec11e":{"name":"comenzi de redare","categories":["aside"]},"qtpa2d90df3d":{"name":"Divizarea unui film în clipuri","searchName":"Divizați un film în clipuri utilizând QuickTime Player"},"qtp1ad6fa3c1":{"name":"Partajarea filmelor","searchName":"Partajați filmele din QuickTime Player"}},"copyright_text":"Copyright © 2016 Apple Inc. Toate drepturile rezervate."}