{"css":"","framework":"duck-10.1.0","title":"Справка QuickTime Player","build_id":"5791b40e680ce28044c234a8","quick_links":[],"icon":"..\/SharedGlobalArt\/AppIconDefault_QuickTime.png","sections":{"qtp054892646":{"name":"Редактирование фильма","children":["qtpa2d90df3d","qtp43812ed7b","qtp00386594f","qtp5a6251741","qtpf2115f6fd","qtp797f6599f"]},"qtpd7929a6fc":{"name":"Сохранение или удаление файла","children":["qtp5d9178614","qtp715f653a1"]},"qtpd44e0f677":{"name":"Воспроизведение файла","children":["qtp6cee0761b","qtp31dfa136d","qtped9fbc349","qtp4c0cd59d1","qtp65619118c"]},"qtpeea5d1e58":{"name":"Создать новой записи","children":["qtp97b08e666","qtp356b55534","qtpf25d6f827"]},"qtp35b543d90":{"name":"Публикация и экспорт фильмов","children":["qtp1ad6fa3c1","qtp2b2c62378","qtp20e395859"]}},"birdseed_version":5,"toc":["qtp0b2a7fc85","qtpd44e0f677","qtpeea5d1e58","qtp054892646","qtpd7929a6fc","qtp35b543d90","qtpa4808515d"],"locale":"ru","version":"10.12","source_schema":"apd-schema","enable_tracking":false,"platform":"mac","build_date":"2016.07.22-04:28:28","landing":"qtplayer35488","product":"quicktime","urls":{},"copyright":"","show_previous_next":false,"topics":{"qtp0b2a7fc85":{"name":"Общие сведения о программе QuickTime Player"},"qtp43812ed7b":{"name":"Упорядочивание отрывков фильма","searchName":"Упорядочивание клипов фильма с помощью QuickTime Player"},"qtp65619118c":{"name":"Просмотр информации о файле фильма","searchName":"Просмотр информации о файле фильма в программе QuickTime Player"},"qtp97b08e666":{"name":"Запись изображения с экрана компьютера","searchName":"Запись содержимого экрана с помощью QuickTime Player"},"qtped9fbc349":{"name":"Отображение субтитров и сопроводительного текста","searchName":"Показ субтитров в QuickTime Player"},"qtp31dfa136d":{"name":"Выбор размера экрана","searchName":"Выбор размера экрана в QuickTime Player"},"qtp5a6251741":{"name":"Поворот или отражение клипа","searchName":"Поворот или отражение клипа в QuickTime Player"},"qtp2b2c62378":{"name":"Публикация фильма для iTunes","searchName":"Сохранение фильма для iTunes с помощью QuickTime Player"},"qtpa4808515d":{"name":"Сочетания клавиш и жесты","searchName":"Сочетания клавиш и жесты в QuickTime Player"},"qtp00386594f":{"name":"Добавление фильма или клипа","searchName":"Добавление фильма или клипа в QuickTime Player"},"qtp6cee0761b":{"name":"Открытие и воспроизведение файла","searchName":"Как открыть и воспроизвести файл в программе QuickTime Player"},"qtpf2115f6fd":{"name":"Обрезка фильма или клипа","searchName":"Обрезка фильма или клипа в QuickTime Player"},"qtp797f6599f":{"name":"Советы по автоматизации","searchName":"Советы по автоматизации QuickTime Player"},"qtp20e395859":{"name":"Экспорт фильмов","searchName":"Экспорт фильмов с другим форматом файла и разрешением с помощью программы QuickTime Player"},"qtp5d9178614":{"name":"Сохранение или переименование записи","searchName":"Сохранение или переименование записи в QuickTime Player"},"qtpf25d6f827":{"name":"Запись только звука","searchName":"Запись аудиофайла с помощью QuickTime Player"},"qtp715f653a1":{"name":"Удаление записи","searchName":"Удаление записи в QuickTime Player"},"qtp356b55534":{"name":"Запись фильма","searchName":"Запись фильма с помощью QuickTime Player"},"qtp4c0cd59d1":{"name":"Выбор саундтрека к фильму","searchName":"Выбор звуковой дорожки к фильму в QuickTime Player"},"qtplayer35488":{"name":"Справка QuickTime Player","href":"qtplayer35488.html","categories":["landing"]},"qtp50f3ec11e":{"name":"элементы управления воспроизведением","categories":["aside"]},"qtpa2d90df3d":{"name":"Разделение фильма на клипы","searchName":"Разделение фильма на клипы с помощью QuickTime Player"},"qtp1ad6fa3c1":{"name":"Публикация фильмов и общий доступ к ним","searchName":"Публикация Ваших фильмов из программы QuickTime Player"}},"copyright_text":"Copyright © 2016 Apple Inc. Все права защищены."}