{"css":"","framework":"duck-10.1.0","title":"Trợ giúp QuickTime Player","build_id":"5791b404680ce28044c2345b","quick_links":[],"icon":"..\/SharedGlobalArt\/AppIconDefault_QuickTime.png","sections":{"qtp054892646":{"name":"Sửa phim","children":["qtpa2d90df3d","qtp43812ed7b","qtp00386594f","qtp5a6251741","qtpf2115f6fd","qtp797f6599f"]},"qtpd7929a6fc":{"name":"Lưu hoặc xóa tệp","children":["qtp5d9178614","qtp715f653a1"]},"qtpd44e0f677":{"name":"Phát tệp","children":["qtp6cee0761b","qtp31dfa136d","qtped9fbc349","qtp4c0cd59d1","qtp65619118c"]},"qtpeea5d1e58":{"name":"Tạo bản ghi mới","children":["qtp97b08e666","qtp356b55534","qtpf25d6f827"]},"qtp35b543d90":{"name":"Chia sẻ hoặc xuất phim của bạn","children":["qtp1ad6fa3c1","qtp2b2c62378","qtp20e395859"]}},"birdseed_version":5,"toc":["qtp0b2a7fc85","qtpd44e0f677","qtpeea5d1e58","qtp054892646","qtpd7929a6fc","qtp35b543d90","qtpa4808515d"],"locale":"vi","version":"10.12","source_schema":"apd-schema","enable_tracking":false,"platform":"mac","build_date":"2016.07.22-04:15:41","landing":"qtplayer35488","product":"quicktime","urls":{},"copyright":"","show_previous_next":false,"topics":{"qtp0b2a7fc85":{"name":"Tổng quan về QuickTime Player"},"qtp43812ed7b":{"name":"Sắp xếp lại các clip phim","searchName":"Sắp xếp lại các clip phim trong QuickTime Player"},"qtp65619118c":{"name":"Xem thông tin về tệp phim","searchName":"Xem thông tin về tệp phim trong QuickTime Player"},"qtp97b08e666":{"name":"Ghi màn hình của bạn","searchName":"Ghi màn hình của bạn bằng QuickTime Player"},"qtped9fbc349":{"name":"Hiển thị phụ đề hoặc thuyết minh","searchName":"Hiển thị phụ đề hoặc thuyết minh trong QuickTime Player"},"qtp31dfa136d":{"name":"Chọn kích cỡ màn hình","searchName":"Chọn kích cỡ màn hình trong QuickTime Player"},"qtp5a6251741":{"name":"Xoay hoặc lật clip","searchName":"Xoay hoặc lật clip trong QuickTime Player"},"qtp2b2c62378":{"name":"Chia sẻ phim của bạn trên iTunes","searchName":"Lưu phim của bạn vào bằng QuickTime Player"},"qtpa4808515d":{"name":"Phím tắt trên bàn phím và cử chỉ","searchName":"Phím tắt trên bàn phím và cử chỉ cho Trình phát DVD"},"qtp00386594f":{"name":"Thêm phim hoặc clip","searchName":"Thêm phim hoặc clip trong QuickTime Player"},"qtp6cee0761b":{"name":"Mở và phát tệp","searchName":"Mở và phát tệp trong QuickTime Player"},"qtpf2115f6fd":{"name":"Cắt ngắn phim hoặc clip","searchName":"Cắt ngắn phim hoặc clip trong QuickTime Player"},"qtp797f6599f":{"name":"Mẹo tự động hóa","searchName":"Mẹo tự động hóa QuickTime Player"},"qtp20e395859":{"name":"Xuất phim","searchName":"Xuất phim thành các định dạng tệp và độ phân giải khác bằng QuickTime Player"},"qtp5d9178614":{"name":"Lưu hoặc đổi tên bản ghi","searchName":"Lưu hoặc đổi tên bản ghi trong QuickTime Player"},"qtpf25d6f827":{"name":"Chỉ ghi âm","searchName":"Ghi âm bằng QuickTime Player"},"qtp715f653a1":{"name":"Xóa bản ghi","searchName":"Xóa bản ghi trong QuickTime Player"},"qtp356b55534":{"name":"Quay Phim","searchName":"Quay phim bằng QuickTime Player"},"qtp4c0cd59d1":{"name":"Chọn đoạn nhạc cho phim","searchName":"Chọn đoạn nhạc cho phim trong QuickTime Player"},"qtplayer35488":{"name":"Trợ giúp QuickTime Player","href":"qtplayer35488.html","categories":["landing"]},"qtp50f3ec11e":{"name":"điều khiển phát lại","categories":["aside"]},"qtpa2d90df3d":{"name":"Chia phim thành các clip","searchName":"Chia phim thành các clip bằng QuickTime Player"},"qtp1ad6fa3c1":{"name":"Chia sẻ phim của bạn","searchName":"Chia sẻ phim của bạn từ QuickTime Player"}},"copyright_text":"Bản quyền © 2016 Apple Inc. Mọi quyền được bảo lưu."}