{"css":"","framework":"duck-10.1.0","title":"Bantuan QuickTime Player","build_id":"579f995f680ce23632415772","quick_links":[],"icon":"..\/SharedGlobalArt\/AppIconDefault_QuickTime.png","sections":{"qtp054892646":{"name":"Edit filem","children":["qtpa2d90df3d","qtp43812ed7b","qtp00386594f","qtp5a6251741","qtpf2115f6fd","qtp797f6599f"]},"qtpd7929a6fc":{"name":"Simpan atau padam fail","children":["qtp5d9178614","qtp715f653a1"]},"qtpd44e0f677":{"name":"Mainkan fail","children":["qtp6cee0761b","qtp31dfa136d","qtped9fbc349","qtp4c0cd59d1","qtp65619118c"]},"qtpeea5d1e58":{"name":"Cipta rakaman baru","children":["qtp97b08e666","qtp356b55534","qtpf25d6f827"]},"qtp35b543d90":{"name":"Kongsi atau eksport filem anda","children":["qtp1ad6fa3c1","qtp2b2c62378","qtp20e395859"]}},"birdseed_version":5,"toc":["qtp0b2a7fc85","qtpd44e0f677","qtpeea5d1e58","qtp054892646","qtpd7929a6fc","qtp35b543d90","qtpa4808515d"],"locale":"ms","version":"10.12","source_schema":"apd-schema","enable_tracking":false,"platform":"mac","build_date":"2016.08.01-12:08:38","landing":"qtplayer35488","product":"quicktime","urls":{},"copyright":"","show_previous_next":false,"topics":{"qtp0b2a7fc85":{"name":"Gambaran keseluruhan QuickTime Player"},"qtp43812ed7b":{"name":"Atur semula klip filem","searchName":"Mengatur semula klip filem dalam QuickTime Player"},"qtp65619118c":{"name":"Lihat maklumat mengenai fail filem","searchName":"Melihat maklumat mengenai fail filem dalam QuickTime Player"},"qtp97b08e666":{"name":"Rakam skrin anda","searchName":"Rakam skrin anda dengan QuickTime Player"},"qtped9fbc349":{"name":"Tunjukkan sari kata atau kapsyen","searchName":"Tunjukkan sari kata atau kapsyen dalam QuickTime Player"},"qtp31dfa136d":{"name":"Pilih saiz skrin","searchName":"Pilih saiz skrin dalam QuickTime Player"},"qtp5a6251741":{"name":"Putar atau selak klip","searchName":"Putar atau kuis klip dalam QuickTime Player"},"qtp2b2c62378":{"name":"Kongsi filem anda di iTunes","searchName":"Menyimpan filem anda ke iTunes menggunakan QuickTime Player"},"qtpa4808515d":{"name":"Pintasan papan kekunci dan gerak isyarat","searchName":"Pintasan papan kekunci QuickTime Player dan gerak isyarat"},"qtp00386594f":{"name":"Tambah filem atau klip","searchName":"Tambah filem atau klip dalam QuickTime Player"},"qtp6cee0761b":{"name":"Buka dan mainkan fail","searchName":"Buka dan mainkan fail dalam QuickTime Player"},"qtpf2115f6fd":{"name":"Pangkas filem atau klip","searchName":"Mencantas filem atau klip dalam QuickTime Player"},"qtp797f6599f":{"name":"Petua automasi","searchName":"Petua autmoasi QuickTime Player"},"qtp20e395859":{"name":"Eksport filem","searchName":"Eksport filem ke format dan resolusi fail lain menggunakan QuickTime Player"},"qtp5d9178614":{"name":"Simpan atau ubah nama rakaman","searchName":"Simpan atau ubah nama rakaman dalam QuickTime Player"},"qtpf25d6f827":{"name":"Rakam audio sahaja","searchName":"Rakam audio dengan QuickTime Player"},"qtp715f653a1":{"name":"Padam rakaman","searchName":"Padam rakaman dalam QuickTime Player"},"qtp356b55534":{"name":"Rakam filem","searchName":"Rakam filem dengan QuickTime Player"},"qtp4c0cd59d1":{"name":"Pilih trek bunyi untuk filem","searchName":"Pilih trek bunyi untuk filem dalam QuickTime Player"},"qtplayer35488":{"name":"Bantuan QuickTime Player","href":"qtplayer35488.html","categories":["landing"]},"qtp50f3ec11e":{"name":"kawalan main semula","categories":["aside"]},"qtpa2d90df3d":{"name":"Bahagikan kandungan filem ke beberapa klip","searchName":"Membahagikan kandungan filem ke beberapa klip menggunakan QuickTime Player"},"qtp1ad6fa3c1":{"name":"Kongsi filem anda","searchName":"Kongsi filem anda dalam QuickTime Player"}},"copyright_text":"Hak Cipta © 2015 Apple Inc. Hak cipta terpelihara."}