{"css":"","framework":"duck-10.1.0","title":"Bantuan QuickTime Player","build_id":"579f995f680ce23632415779","quick_links":[],"icon":"..\/SharedGlobalArt\/AppIconDefault_QuickTime.png","sections":{"qtp054892646":{"name":"Mengedit film","children":["qtpa2d90df3d","qtp43812ed7b","qtp00386594f","qtp5a6251741","qtpf2115f6fd","qtp797f6599f"]},"qtpd7929a6fc":{"name":"Menyimpan atau menghapus file","children":["qtp5d9178614","qtp715f653a1"]},"qtpd44e0f677":{"name":"Memutar file","children":["qtp6cee0761b","qtp31dfa136d","qtped9fbc349","qtp4c0cd59d1","qtp65619118c"]},"qtpeea5d1e58":{"name":"Membuat rekaman baru","children":["qtp97b08e666","qtp356b55534","qtpf25d6f827"]},"qtp35b543d90":{"name":"Berbagi atau mengekspor film Anda","children":["qtp1ad6fa3c1","qtp2b2c62378","qtp20e395859"]}},"birdseed_version":5,"toc":["qtp0b2a7fc85","qtpd44e0f677","qtpeea5d1e58","qtp054892646","qtpd7929a6fc","qtp35b543d90","qtpa4808515d"],"locale":"id","version":"10.12","source_schema":"apd-schema","enable_tracking":false,"platform":"mac","build_date":"2016.08.01-12:17:04","landing":"qtplayer35488","product":"quicktime","urls":{},"copyright":"","show_previous_next":false,"topics":{"qtp0b2a7fc85":{"name":"Tinjauan QuickTime Player"},"qtp43812ed7b":{"name":"Mengatur ulang klip film","searchName":"Atur ulang klip film di QuickTime Player"},"qtp65619118c":{"name":"Melihat informasi mengenai file film","searchName":"Melihat informasi mengenai file film di QuickTime Player"},"qtp97b08e666":{"name":"Merekam layar Anda","searchName":"Rekam layar Anda dengan QuickTime Player"},"qtped9fbc349":{"name":"Menampilkan subtitle atau teks","searchName":"Tampilkan subtitle atau teks di QuickTime Player"},"qtp31dfa136d":{"name":"Memilih ukuran layar","searchName":"Pilih ukuran layar di QuickTime Player"},"qtp5a6251741":{"name":"Memutar atau membalikkan klip","searchName":"Putar atau balik klik di QuickTime Player"},"qtp2b2c62378":{"name":"Berbagi film Anda di iTunes","searchName":"Simpan film Anda ke iTunes menggunakan QuickTime Player"},"qtpa4808515d":{"name":"Pintasan papan ketik dan gerakan","searchName":"Pintasan papan ketik dan gerakan QuickTime Player"},"qtp00386594f":{"name":"Menambahkan film atau klip","searchName":"Tambahkan film atau klip di QuickTime Player"},"qtp6cee0761b":{"name":"Membuka dan memutar file","searchName":"Buka dan putar file di QuickTime Player"},"qtpf2115f6fd":{"name":"Memangkas film atau klip","searchName":"Potong film atau klip di QuickTime Player"},"qtp797f6599f":{"name":"Kiat Automasi","searchName":"Kiat automasi QuickTime Player"},"qtp20e395859":{"name":"Mengekspor film","searchName":"Mengekspor film ke format dan resolusi lainnya menggunakan QuickTime Player"},"qtp5d9178614":{"name":"Menyimpan atau mengubah nama rekaman","searchName":"Simpan atau ubah nama rekaman di QuickTime Player"},"qtpf25d6f827":{"name":"Hanya merekam audio","searchName":"Rekam audio dengan QuickTime Player"},"qtp715f653a1":{"name":"Menghapus rekaman","searchName":"Hapus rekaman di QuickTime Player"},"qtp356b55534":{"name":"Merekam film","searchName":"Rekam film dengan QuickTime Player"},"qtp4c0cd59d1":{"name":"Memilih soundtrack untuk film","searchName":"Pilih soundtrack untuk film di QuickTime Player"},"qtplayer35488":{"name":"Bantuan QuickTime Player","href":"qtplayer35488.html","categories":["landing"]},"qtp50f3ec11e":{"name":"kontrol pemutaran","categories":["aside"]},"qtpa2d90df3d":{"name":"Membagi film ke dalam klip","searchName":"Pecah film ke dalam klip menggunakan QuickTime Player"},"qtp1ad6fa3c1":{"name":"Berbagi film Anda","searchName":"Bagikan film Anda dari QuickTime Player"}},"copyright_text":"Hak Cipta © 2016 Apple Inc. Semua hak cipta dilindungi undang-undang."}