{"css":"","framework":"duck-10.1.0","title":"Βοήθεια QuickTime Player","build_id":"5791b407680ce28044c23470","quick_links":[],"icon":"..\/SharedGlobalArt\/AppIconDefault_QuickTime.png","sections":{"qtp054892646":{"name":"Επεξεργασία ταινίας","children":["qtpa2d90df3d","qtp43812ed7b","qtp00386594f","qtp5a6251741","qtpf2115f6fd","qtp797f6599f"]},"qtpd7929a6fc":{"name":"Αποθήκευση ή διαγραφή αρχείου","children":["qtp5d9178614","qtp715f653a1"]},"qtpd44e0f677":{"name":"Αναπαραγωγή αρχείου","children":["qtp6cee0761b","qtp31dfa136d","qtped9fbc349","qtp4c0cd59d1","qtp65619118c"]},"qtpeea5d1e58":{"name":"Δημιουργία νέας εγγραφής","children":["qtp97b08e666","qtp356b55534","qtpf25d6f827"]},"qtp35b543d90":{"name":"Κοινή χρήση ή εξαγωγή των ταινιών σας","children":["qtp1ad6fa3c1","qtp2b2c62378","qtp20e395859"]}},"birdseed_version":5,"toc":["qtp0b2a7fc85","qtpd44e0f677","qtpeea5d1e58","qtp054892646","qtpd7929a6fc","qtp35b543d90","qtpa4808515d"],"locale":"el","version":"10.12","source_schema":"apd-schema","enable_tracking":false,"platform":"mac","build_date":"2016.07.22-04:20:16","landing":"qtplayer35488","product":"quicktime","urls":{},"copyright":"","show_previous_next":false,"topics":{"qtp0b2a7fc85":{"name":"Επισκόπηση για το QuickTime Player"},"qtp43812ed7b":{"name":"Αναδιάταξη κλιπ ταινίας","searchName":"Αναδιάταξη κλιπ ταινίας στο QuickTime Player"},"qtp65619118c":{"name":"Προβολή πληροφοριών για αρχείο ταινίας","searchName":"Προβολή πληροφοριών για αρχείο ταινίας στο QuickTime Player"},"qtp97b08e666":{"name":"Εγγραφή της οθόνης σας","searchName":"Εγγραφή της οθόνης σας μέσω QuickTime Player"},"qtped9fbc349":{"name":"Εμφάνιση υπότιτλων ή λεζαντών","searchName":"Εμφάνιση υποτίτλων ή λεζάντων στο QuickTime Player"},"qtp31dfa136d":{"name":"Επιλογή μεγέθους οθόνης.","searchName":"Επιλογή μεγέθους οθόνης στο QuickTime Player"},"qtp5a6251741":{"name":"Περιστροφή ή αναστροφή κλιπ","searchName":"Περιστροφή ή αναστροφή κλιπ στο QuickTime Player"},"qtp2b2c62378":{"name":"Κοινή χρήση των ταινιών σας στο iTunes","searchName":"Αποστολή της ταινίας σας στο iMovie με χρήση του QuickTime Player"},"qtpa4808515d":{"name":"Συντομεύσεις πληκτρολογίου και χειρονομίες","searchName":"Συντομεύσεις πληκτρολογίου και χειρονομίες QuickTime Player"},"qtp00386594f":{"name":"Προσθήκη ταινίας ή κλιπ","searchName":"Προσθήκη ταινίας ή κλιπ στο QuickTime Player"},"qtp6cee0761b":{"name":"Άνοιγμα και αναπαραγωγή αρχείου","searchName":"Άνοιγμα και αναπαραγωγή αρχείου στο QuickTime Player"},"qtpf2115f6fd":{"name":"Περικοπή ταινίας ή κλιπ","searchName":"Περικοπή ταινίας ή κλιπ στο QuickTime Player"},"qtp797f6599f":{"name":"Συμβουλές αυτοματοποίησης","searchName":"Συμβουλές αυτοματοποίησης QuickTime Player"},"qtp20e395859":{"name":"Εξαγωγή ταινιών","searchName":"Εξαγωγή ταινιών σε άλλες μορφές αρχείων και αναλύσεις με χρήση του QuickTime Player"},"qtp5d9178614":{"name":"Αποθήκευση ή μετονομασία εγγραφής","searchName":"Αποθήκευση ή μετονομασία εγγραφής στο QuickTime Player"},"qtpf25d6f827":{"name":"Εγγραφή ήχου μόνο","searchName":"Εγγραφή ήχου μέσω QuickTime Player"},"qtp715f653a1":{"name":"Διαγραφή εγγραφής","searchName":"Διαγραφή εγγραφής στο QuickTime Player"},"qtp356b55534":{"name":"Εγγραφή ταινίας","searchName":"Εγγραφή ταινίας μέσω QuickTime Player"},"qtp4c0cd59d1":{"name":"Επιλογή σάουντρακ για ταινία","searchName":"Επιλογή σάουντρακ για ταινία στο QuickTime Player"},"qtplayer35488":{"name":"Βοήθεια QuickTime Player","href":"qtplayer35488.html","categories":["landing"]},"qtp50f3ec11e":{"name":"χειριστήρια αναπαραγωγής","categories":["aside"]},"qtpa2d90df3d":{"name":"Διαίρεση μιας ταινίας σε κλιπ","searchName":"Διαίρεση μιας ταινίας σε κλιπ με χρήση του QuickTime Player"},"qtp1ad6fa3c1":{"name":"Κοινή χρήση των ταινιών σας","searchName":"Κοινή χρήση των ταινιών σας από το QuickTime Player"}},"copyright_text":"Copyright © 2016 Apple Inc. Με επιφύλαξη κάθε δικαιώματος."}