{"css":"","framework":"duck-10.1.0","title":"QuickTime Player 도움말","build_id":"579f9960680ce23632415780","quick_links":[],"icon":"..\/SharedGlobalArt\/AppIconDefault_QuickTime.png","sections":{"qtp054892646":{"name":"동영상 편집하기","children":["qtpa2d90df3d","qtp43812ed7b","qtp00386594f","qtp5a6251741","qtpf2115f6fd","qtp797f6599f"]},"qtpd7929a6fc":{"name":"파일 저장 또는 삭제하기","children":["qtp5d9178614","qtp715f653a1"]},"qtpd44e0f677":{"name":"파일 재생하기","children":["qtp6cee0761b","qtp31dfa136d","qtped9fbc349","qtp4c0cd59d1","qtp65619118c"]},"qtpeea5d1e58":{"name":"새로운 기록 생성하기","children":["qtp97b08e666","qtp356b55534","qtpf25d6f827"]},"qtp35b543d90":{"name":"동영상 공유 또는 보내기","children":["qtp1ad6fa3c1","qtp2b2c62378","qtp20e395859"]}},"birdseed_version":5,"toc":["qtp0b2a7fc85","qtpd44e0f677","qtpeea5d1e58","qtp054892646","qtpd7929a6fc","qtp35b543d90","qtpa4808515d"],"locale":"ko","version":"10.12","source_schema":"apd-schema","enable_tracking":false,"platform":"mac","build_date":"2016.08.01-12:22:39","landing":"qtplayer35488","product":"quicktime","urls":{},"copyright":"","show_previous_next":false,"topics":{"qtp0b2a7fc85":{"name":"QuickTime Player 개요"},"qtp43812ed7b":{"name":"동영상 클립 재정렬하기","searchName":"QuickTime Player를 사용하여 클립을 재정렬하기"},"qtp65619118c":{"name":"동영상 파일에 관한 정보 보기","searchName":"QuickTime Player에서 동영상 파일에 관한 정보 보기"},"qtp97b08e666":{"name":"화면 기록하기","searchName":"QuickTime Player로 화면 기록하기"},"qtped9fbc349":{"name":"자막 또는 캡션 표시하기","searchName":"QuickTime Player에서 자막 또는 캡션 표시하기"},"qtp31dfa136d":{"name":"화면 크기 선택하기","searchName":"QuickTime Player에서 화면 크기 선택하기"},"qtp5a6251741":{"name":"클립 회전 또는 뒤집기","searchName":"QuickTime Player에서 클립을 회전 또는 뒤집습니다"},"qtp2b2c62378":{"name":"iTunes에서 동영상 공유하기","searchName":"QuickTime Player를 사용하여 iTunes에 동영상 저장하기"},"qtpa4808515d":{"name":"키보드 단축키 및 동작","searchName":"QuickTime Player 키보드 단축키 및 동작"},"qtp00386594f":{"name":"동영상 또는 클립 추가하기","searchName":"QuickTime Player를 사용하여 동영상 또는 클립 추가하기"},"qtp6cee0761b":{"name":"파일 열기 및 재생하기","searchName":"QuickTime Player 파일 열기 및 재생하기"},"qtpf2115f6fd":{"name":"동영상 또는 클립 다듬기","searchName":"QuickTime Player를 사용하여 동영상 또는 클을 다듬습니다"},"qtp797f6599f":{"name":"자동화 팁","searchName":"QuickTime Player 자동화 팁"},"qtp20e395859":{"name":"동영상 보내기","searchName":"QuickTime Player를 사용하여 다른 파일 포맷 및 해상도로 동영상 보내기"},"qtp5d9178614":{"name":"기록 저장 또는 이름 변경하기","searchName":"QuickTime Player에서 기록을 저장하거나 이름 변경하기"},"qtpf25d6f827":{"name":"오디오만 녹음하기","searchName":"QuickTime Player로 오디오 녹음하기"},"qtp715f653a1":{"name":"기록 삭제하기","searchName":"QuickTime Player에서 기록 삭제하기"},"qtp356b55534":{"name":"동영상 녹화하기","searchName":"QuickTime Player로 동영상 녹화하기"},"qtp4c0cd59d1":{"name":"동영상의 사운드 트랙 선택하기","searchName":"QuickTime Player에서 동영상의 사운드 트랙 선택하기"},"qtplayer35488":{"name":"QuickTime Player 도움말","href":"qtplayer35488.html","categories":["landing"]},"qtp50f3ec11e":{"name":"재생 제어기","categories":["aside"]},"qtpa2d90df3d":{"name":"동영상을 클립으로 분리하기","searchName":"QuickTime Player를 사용하여 동영상을 클립으로 분리하기"},"qtp1ad6fa3c1":{"name":"동영상 공유하기","searchName":"QuickTime Player에서 생성한 동영상 공유하기"}},"copyright_text":"Copyright © 2016 Apple Inc. 모든 권리 보유."}