{"css":"","framework":"duck-10.1.0","title":"QuickTime Player Help","build_id":"57744a74094622265303c862","quick_links":[],"icon":"..\/SharedGlobalArt\/AppIconDefault_QuickTime.png","sections":{"qtp054892646":{"name":"Edit a movie","children":["qtpa2d90df3d","qtp43812ed7b","qtp00386594f","qtp5a6251741","qtpf2115f6fd","qtp797f6599f"]},"qtpd7929a6fc":{"name":"Save or delete a file","children":["qtp5d9178614","qtp715f653a1"]},"qtpd44e0f677":{"name":"Play a file","children":["qtp6cee0761b","qtp31dfa136d","qtped9fbc349","qtp4c0cd59d1","qtp65619118c"]},"qtpeea5d1e58":{"name":"Create a new recording","children":["qtp97b08e666","qtp356b55534","qtpf25d6f827"]},"qtp35b543d90":{"name":"Share or export your movies","children":["qtp1ad6fa3c1","qtp2b2c62378","qtp20e395859"]}},"birdseed_version":5,"toc":["qtp0b2a7fc85","qtpd44e0f677","qtpeea5d1e58","qtp054892646","qtpd7929a6fc","qtp35b543d90","qtpa4808515d"],"locale":"en","version":"10.12","source_schema":"apd-schema","enable_tracking":false,"collect_feedback":true,"platform":"mac","build_date":"2016.06.29-15:26:31","landing":"qtplayer35488","product":"quicktime","urls":{},"copyright":"","show_previous_next":false,"topics":{"qtp0b2a7fc85":{"name":"QuickTime Player overview"},"qtp43812ed7b":{"name":"Rearrange movie clips","searchName":"Rearrange movie clips in QuickTime Player"},"qtp65619118c":{"name":"View information about a movie file","searchName":"View information about a movie file in QuickTime Player"},"qtp97b08e666":{"name":"Record your screen","searchName":"Record your screen with QuickTime Player"},"qtped9fbc349":{"name":"Show subtitles or captions","searchName":"Show subtitles or captions in QuickTime Player"},"qtp31dfa136d":{"name":"Choose a screen size","searchName":"Choose a screen size in QuickTime Player"},"qtp5a6251741":{"name":"Rotate or flip a clip","searchName":"Rotate or flip a clip in QuickTime Player"},"qtp2b2c62378":{"name":"Share your movies on iTunes","searchName":"Save your movie to iTunes using QuickTime Player"},"qtpa4808515d":{"name":"Keyboard shortcuts and gestures","searchName":"QuickTime Player keyboard shortcuts and gestures"},"qtp00386594f":{"name":"Add a movie or clip","searchName":"Add a movie or clip in QuickTime Player"},"qtp6cee0761b":{"name":"Open and play a file","searchName":"Open and play a file in QuickTime Player"},"qtpf2115f6fd":{"name":"Trim a movie or clip","searchName":"Trim a movie or clip in QuickTime Player"},"qtp797f6599f":{"name":"Automation tips","searchName":"QuickTime Player automation tips"},"qtp20e395859":{"name":"Export movies","searchName":"Export movies to other file formats and resolutions using QuickTime Player"},"qtp5d9178614":{"name":"Save or rename a recording","searchName":"Save or rename a recording in QuickTime Player"},"qtpf25d6f827":{"name":"Record audio only","searchName":"Record audio with QuickTime Player"},"qtp715f653a1":{"name":"Delete a recording","searchName":"Delete a recording in QuickTime Player"},"qtp356b55534":{"name":"Record a movie","searchName":"Record a movie with QuickTime Player"},"qtp4c0cd59d1":{"name":"Choose the soundtrack for a movie","searchName":"Choose the soundtrack for a movie in QuickTime Player"},"qtplayer35488":{"name":"QuickTime Player Help","href":"qtplayer35488.html","categories":["landing"]},"qtp50f3ec11e":{"name":"playback controls","categories":["aside"]},"qtpa2d90df3d":{"name":"Split a movie into clips","searchName":"Split a movie into clips using QuickTime Player"},"qtp1ad6fa3c1":{"name":"Share your movies","searchName":"Share your movies from QuickTime Player"}},"copyright_text":"Copyright © 2016 Apple Inc. All rights reserved."}