{"css":"","framework":"duck-10.1.0","title":"วิธีใช้ QuickTime Player","build_id":"579f9962680ce23632415787","quick_links":[],"icon":"..\/SharedGlobalArt\/AppIconDefault_QuickTime.png","sections":{"qtp054892646":{"name":"การแก้ไขภาพยนตร์","children":["qtpa2d90df3d","qtp43812ed7b","qtp00386594f","qtp5a6251741","qtpf2115f6fd","qtp797f6599f"]},"qtpd7929a6fc":{"name":"การบันทึกหรือลบไฟล์","children":["qtp5d9178614","qtp715f653a1"]},"qtpd44e0f677":{"name":"การเล่นไฟล์","children":["qtp6cee0761b","qtp31dfa136d","qtped9fbc349","qtp4c0cd59d1","qtp65619118c"]},"qtpeea5d1e58":{"name":"การสร้างการบันทึกใหม่","children":["qtp97b08e666","qtp356b55534","qtpf25d6f827"]},"qtp35b543d90":{"name":"แชร์หรือส่งออกภาพยนตร์ของคุณ","children":["qtp1ad6fa3c1","qtp2b2c62378","qtp20e395859"]}},"birdseed_version":5,"toc":["qtp0b2a7fc85","qtpd44e0f677","qtpeea5d1e58","qtp054892646","qtpd7929a6fc","qtp35b543d90","qtpa4808515d"],"locale":"th","version":"10.12","source_schema":"apd-schema","enable_tracking":false,"platform":"mac","build_date":"2016.08.01-12:13:59","landing":"qtplayer35488","product":"quicktime","urls":{},"copyright":"","show_previous_next":false,"topics":{"qtp0b2a7fc85":{"name":"ภาพรวม QuickTime Player"},"qtp43812ed7b":{"name":"การจัดเรียงคลิปภาพยนตร์","searchName":"จัดเรียงคลิปภาพยนตร์ใน QuickTime Player"},"qtp65619118c":{"name":"การดูข้อมูลเกี่ยวกับไฟล์ภาพยนตร์","searchName":"ดูข้อมูลเกี่ยวกับไฟล์ภาพยนตร์ใน QuickTime Player"},"qtp97b08e666":{"name":"การบันทึกหน้าจอของคุณ","searchName":"บันทึกหน้าจอของคุณด้วย QuickTime Player"},"qtped9fbc349":{"name":"การแสดงคำบรรยายใต้ภาพหรือคำบรรยายภาพ","searchName":"แสดงคำบรรยายใต้ภาพหรือคำบรรยายภาพใน QuickTime Player"},"qtp31dfa136d":{"name":"การเลือกขนาดหน้าจอ","searchName":"เลือกขนาดหน้าจอใน QuickTime Player"},"qtp5a6251741":{"name":"การหมุนหรือพลิกคลิปภาพยนตร์","searchName":"หมุนหรือพลิกคลิปใน QuickTime Player"},"qtp2b2c62378":{"name":"แชร์ภาพยนตร์ของคุณบน iTunes","searchName":"บันทึกภาพยนตร์ของคุณไปยัง iTunes โดยใช้ QuickTime Player"},"qtpa4808515d":{"name":"ปุ่มลัดแป้นพิมพ์และท่าทาง","searchName":"ปุ่มลัดแป้นพิมพ์และลักษณะท่าทางของ QuickTime Player"},"qtp00386594f":{"name":"เพิ่มภาพยนตร์หรือคลิป","searchName":"เพิ่มภาพยนตร์หรือคลิปใน QuickTime Player"},"qtp6cee0761b":{"name":"การเปิดและเล่นไฟล์","searchName":"เปิดและเล่นไฟล์ใน QuickTime Player"},"qtpf2115f6fd":{"name":"การตัดแต่งภาพยนตร์หรือคลิป","searchName":"ตัดแต่งภาพยนตร์หรือคลิปใน QuickTime Player"},"qtp797f6599f":{"name":"เคล็ดลับการเปลี่ยนระดับอัตโนมัติ","searchName":"เคล็ดลับการเปลี่ยนระดับอัตโนมัติของ QuickTime Player"},"qtp20e395859":{"name":"การส่งออกภาพยนตร์","searchName":"ส่งออกภาพยนตร์ไปยังไฟล์รูปแบบและความละเอียดอื่น ๆ โ่ดยใช้ QuickTime Player"},"qtp5d9178614":{"name":"การบันทึกหรือตั้งชื่อการบันทึกใหม่","searchName":"บันทึกหรือตั้งชื่อการบันทึกใหม่ใน QuickTime Player"},"qtpf25d6f827":{"name":"การบันทึกเสียงเท่านั้น","searchName":"บันทึกเสียงด้วย QuickTime Player"},"qtp715f653a1":{"name":"การลบการบันทึก","searchName":"ลบการบันทึกใหม่ใน QuickTime Player"},"qtp356b55534":{"name":"การบันทึกภาพยนตร์","searchName":"บันทึกภาพยนตร์ด้วย QuickTime Player"},"qtp4c0cd59d1":{"name":"การเลือกซาวนด์แทร็กสำหรับภาพยนตร์","searchName":"เลือกซาวนด์แทร็กสำหรับภาพยนตร์ใน QuickTime Player"},"qtplayer35488":{"name":"วิธีใช้ QuickTime Player","href":"qtplayer35488.html","categories":["landing"]},"qtp50f3ec11e":{"name":"ตัวควบคุมการเล่น","categories":["aside"]},"qtpa2d90df3d":{"name":"การแบ่งภาพยนตร์ออกเป็นคลิปต่างๆ","searchName":"แบ่งภาพยนตร์ออกเป็นคลิปต่าง ๆ โดยใช้ QuickTime Player"},"qtp1ad6fa3c1":{"name":"แชร์ภาพยนตร์ของคุณ","searchName":"แชร์ภาพยนตร์ของคุณจาก QuickTime Player"}},"copyright_text":"ลิขสิทธิ์ © 2016 Apple Inc.สงวนลิขสิทธิ์"}