{"css":"","framework":"duck-10.1.0","title":"QuickTime Player Hjälp","build_id":"57950c96094622721d895bbc","quick_links":[],"icon":"..\/SharedGlobalArt\/AppIconDefault_QuickTime.png","sections":{"qtp054892646":{"name":"Redigera en film","children":["qtpa2d90df3d","qtp43812ed7b","qtp00386594f","qtp5a6251741","qtpf2115f6fd","qtp797f6599f"]},"qtpd7929a6fc":{"name":"Spara eller radera en fil","children":["qtp5d9178614","qtp715f653a1"]},"qtpd44e0f677":{"name":"Spela upp en fil","children":["qtp6cee0761b","qtp31dfa136d","qtped9fbc349","qtp4c0cd59d1","qtp65619118c"]},"qtpeea5d1e58":{"name":"Skapa en ny inspelning","children":["qtp97b08e666","qtp356b55534","qtpf25d6f827"]},"qtp35b543d90":{"name":"Dela eller exportera filmer","children":["qtp1ad6fa3c1","qtp2b2c62378","qtp20e395859"]}},"birdseed_version":5,"toc":["qtp0b2a7fc85","qtpd44e0f677","qtpeea5d1e58","qtp054892646","qtpd7929a6fc","qtp35b543d90","qtpa4808515d"],"locale":"sv","version":"10.12","source_schema":"apd-schema","enable_tracking":false,"platform":"mac","build_date":"2016.07.24-12:02:41","landing":"qtplayer35488","product":"quicktime","urls":{},"copyright":"","show_previous_next":false,"topics":{"qtp0b2a7fc85":{"name":"QuickTime Player i översikt"},"qtp43812ed7b":{"name":"Ändra ordningen på filmklipp","searchName":"Ordna om innehållet i filmklipp med QuickTime Player"},"qtp65619118c":{"name":"Visa information om en filmfil","searchName":"Visa information om en filmfil i QuickTime Player"},"qtp97b08e666":{"name":"Spela in din skärm","searchName":"Spela in skärmen med QuickTime Player"},"qtped9fbc349":{"name":"Visa undertexter eller dold textning","searchName":"Visa undertexter eller dold textning i QuickTime Player"},"qtp31dfa136d":{"name":"Välj en skärmstorlek","searchName":"Välj en skärmstorlek i QuickTime Player"},"qtp5a6251741":{"name":"Rotera eller vända ett klipp","searchName":"Rotera eller vända ett klipp i QuickTime Player"},"qtp2b2c62378":{"name":"Dela filmer via iTunes","searchName":"Spara en film i iTunes med QuickTime Player"},"qtpa4808515d":{"name":"Kortkommandon och gester","searchName":"Kortkommandon och gester i QuickTime Player"},"qtp00386594f":{"name":"Lägg till en film eller ett klipp","searchName":"Lägg till en film eller ett klipp i QuickTime Player"},"qtp6cee0761b":{"name":"Öppna och spela upp en fil","searchName":"Öppna och spela upp en fil i QuickTime Player"},"qtpf2115f6fd":{"name":"Putsa en film eller ett klipp","searchName":"Putsa en film eller ett klipp i QuickTime Player"},"qtp797f6599f":{"name":"Automatiseringstips","searchName":"Automatiseringstips för QuickTime Player"},"qtp20e395859":{"name":"Exportera filmer","searchName":"Exportera filmer till andra filformat och upplösningar med QuickTime Player"},"qtp5d9178614":{"name":"Spara eller byt namn på en inspelning","searchName":"Spara eller byt namn på en inspelning i QuickTime Player"},"qtpf25d6f827":{"name":"Spela endast in ljud","searchName":"Spela in ljud med QuickTime Player"},"qtp715f653a1":{"name":"Radera en inspelning","searchName":"Radera en inspelning i QuickTime Player"},"qtp356b55534":{"name":"Spela in en film","searchName":"Spela in en film med QuickTime Player"},"qtp4c0cd59d1":{"name":"Välj ljudspår för en film","searchName":"Välj ljudspår för en film i QuickTime Player"},"qtplayer35488":{"name":"QuickTime Player Hjälp","href":"qtplayer35488.html","categories":["landing"]},"qtp50f3ec11e":{"name":"uppspelningsreglage","categories":["aside"]},"qtpa2d90df3d":{"name":"Dela upp en film i klipp","searchName":"Dela upp en film i klipp med QuickTime Player"},"qtp1ad6fa3c1":{"name":"Dela filmer","searchName":"Dela filmer från QuickTime Player"}},"copyright_text":"Copyright © 2016 Apple Inc. Alla rättigheter förbehålls."}