{"css":"","framework":"duck-10.1.0","title":"QuickTime Player 輔助說明","build_id":"5791b40f680ce28044c234af","quick_links":[],"icon":"..\/SharedGlobalArt\/AppIconDefault_QuickTime.png","sections":{"qtp054892646":{"name":"編輯影片","children":["qtpa2d90df3d","qtp43812ed7b","qtp00386594f","qtp5a6251741","qtpf2115f6fd","qtp797f6599f"]},"qtpd7929a6fc":{"name":"儲存或刪除檔案","children":["qtp5d9178614","qtp715f653a1"]},"qtpd44e0f677":{"name":"播放檔案","children":["qtp6cee0761b","qtp31dfa136d","qtped9fbc349","qtp4c0cd59d1","qtp65619118c"]},"qtpeea5d1e58":{"name":"製作新的錄製","children":["qtp97b08e666","qtp356b55534","qtpf25d6f827"]},"qtp35b543d90":{"name":"分享或輸出影片","children":["qtp1ad6fa3c1","qtp2b2c62378","qtp20e395859"]}},"birdseed_version":5,"toc":["qtp0b2a7fc85","qtpd44e0f677","qtpeea5d1e58","qtp054892646","qtpd7929a6fc","qtp35b543d90","qtpa4808515d"],"locale":"zh-tw","version":"10.12","source_schema":"apd-schema","enable_tracking":false,"platform":"mac","build_date":"2016.07.22-03:33:53","landing":"qtplayer35488","product":"quicktime","urls":{},"copyright":"","show_previous_next":false,"topics":{"qtp0b2a7fc85":{"name":"QuickTime Player 概覽"},"qtp43812ed7b":{"name":"重新編排影片剪輯片段","searchName":"在 QuickTime Player 中重新編排影片剪輯片段"},"qtp65619118c":{"name":"檢視影片檔案的相關資訊","searchName":"在 QuickTime Player 中檢視影片檔案的相關資訊"},"qtp97b08e666":{"name":"錄製您的螢幕","searchName":"使用 QuickTime Player 錄製螢幕"},"qtped9fbc349":{"name":"顯示字幕","searchName":"在 QuickTime Player 中顯示字幕"},"qtp31dfa136d":{"name":"選擇螢幕大小","searchName":"在 QuickTime Player 中選擇螢幕大小"},"qtp5a6251741":{"name":"旋轉或翻轉剪輯片段","searchName":"在 QuickTime Player 中旋轉或翻轉剪輯片段"},"qtp2b2c62378":{"name":"在 iTunes 上分享影片","searchName":"使用 QuickTime Player 將影片儲存至 iTunes"},"qtpa4808515d":{"name":"鍵盤快速鍵和手勢","searchName":"QuickTime Player 鍵盤快速鍵和手勢"},"qtp00386594f":{"name":"加入影片或剪輯片段","searchName":"在 QuickTime Player 中加入影片或剪輯片段"},"qtp6cee0761b":{"name":"打開並播放檔案","searchName":"在 QuickTime Player 中打開並播放檔案"},"qtpf2115f6fd":{"name":"裁剪影片或剪輯片段","searchName":"在 QuickTime Player 中裁剪影片或剪輯片段"},"qtp797f6599f":{"name":"自動化提示","searchName":"QuickTime Player 自動化提示"},"qtp20e395859":{"name":"輸出影片","searchName":"使用 QuickTime Player 將影片輸出為其他檔案格式和解析度"},"qtp5d9178614":{"name":"儲存或重新命名錄製","searchName":"在 QuickTime Player 中儲存或重新命名錄製"},"qtpf25d6f827":{"name":"僅錄製音訊","searchName":"使用 QuickTime Player 錄製音訊"},"qtp715f653a1":{"name":"刪除錄製","searchName":"在 QuickTime Player 中刪除錄製"},"qtp356b55534":{"name":"錄製影片","searchName":"使用 QuickTime Player 錄製影片"},"qtp4c0cd59d1":{"name":"為影片選擇音軌","searchName":"在 QuickTime Player 中為影片選擇音軌"},"qtplayer35488":{"name":"QuickTime Player 輔助說明","href":"qtplayer35488.html","categories":["landing"]},"qtp50f3ec11e":{"name":"播放控制項目","categories":["aside"]},"qtpa2d90df3d":{"name":"將影片分割成剪輯片段","searchName":"使用 QuickTime Player 將影片分割成剪輯片段"},"qtp1ad6fa3c1":{"name":"分享影片","searchName":"從 QuickTime Player 分享影片"}},"copyright_text":"Copyright © 2016 Apple Inc.保留一切權利。"}