{"css":"","framework":"duck-10.1.0","title":"QuickTime Player Yardım","build_id":"5791b408680ce28044c23477","quick_links":[],"icon":"..\/SharedGlobalArt\/AppIconDefault_QuickTime.png","sections":{"qtp054892646":{"name":"Film düzenleme","children":["qtpa2d90df3d","qtp43812ed7b","qtp00386594f","qtp5a6251741","qtpf2115f6fd","qtp797f6599f"]},"qtpd7929a6fc":{"name":"Dosyayı kaydetme veya silme","children":["qtp5d9178614","qtp715f653a1"]},"qtpd44e0f677":{"name":"Dosya oynatma","children":["qtp6cee0761b","qtp31dfa136d","qtped9fbc349","qtp4c0cd59d1","qtp65619118c"]},"qtpeea5d1e58":{"name":"Yeni kayıt yaratma","children":["qtp97b08e666","qtp356b55534","qtpf25d6f827"]},"qtp35b543d90":{"name":"Filmlerinizi paylaşma veya dışa aktarma","children":["qtp1ad6fa3c1","qtp2b2c62378","qtp20e395859"]}},"birdseed_version":5,"toc":["qtp0b2a7fc85","qtpd44e0f677","qtpeea5d1e58","qtp054892646","qtpd7929a6fc","qtp35b543d90","qtpa4808515d"],"locale":"tr","version":"10.12","source_schema":"apd-schema","enable_tracking":false,"platform":"mac","build_date":"2016.07.22-03:30:12","landing":"qtplayer35488","product":"quicktime","urls":{},"copyright":"","show_previous_next":false,"topics":{"qtp0b2a7fc85":{"name":"QuickTime Player'a genel bakış"},"qtp43812ed7b":{"name":"Film kliplerini yeniden düzenleme","searchName":"QuickTime Player'da film kliplerini yeniden düzenleyin"},"qtp65619118c":{"name":"Film dosyası hakkındaki bilgileri görüntüleme","searchName":"QuickTime Player'da bir film dosyası hakkındaki bilgileri görüntüleme"},"qtp97b08e666":{"name":"Ekranınızı kaydetme","searchName":"QuickTime Player ile ekranınızı kaydedin"},"qtped9fbc349":{"name":"Altyazıları veya gizli altyazıları gösterme","searchName":"QuickTime Player'da altyazıları veya gizli altyazıları gösterin"},"qtp31dfa136d":{"name":"Ekran boyutu seçme","searchName":"QuickTime Player'da ekran boyutu seçin"},"qtp5a6251741":{"name":"Klibi döndürme veya çevirme","searchName":"QuickTime Player'da klibi döndürün veya çevirin"},"qtp2b2c62378":{"name":"Filminizi iTunes'da paylaşma","searchName":"QuickTime Player’ı kullanarak filminizi iTunes’a kaydetme"},"qtpa4808515d":{"name":"Klavye kestirmeleri ve hareketler","searchName":"QuickTime Player klavye kestirmeleri ve hareketleri"},"qtp00386594f":{"name":"Film veya klip ekleyin","searchName":"QuickTime Player'ı kullanarak film veya klip ekleyin"},"qtp6cee0761b":{"name":"Dosya açma ve oynatma","searchName":"QuickTime Player'da dosya açın ve oynatın"},"qtpf2115f6fd":{"name":"Filmi veya klibi kısaltma","searchName":"QuickTime Player'ı kullanarak filmi veya klibi kısaltın"},"qtp797f6599f":{"name":"Otomasyon ipuçları","searchName":"QuickTime Player otomasyon ipuçları"},"qtp20e395859":{"name":"Filmleri dışa aktarın","searchName":"QuickTime Player’ı kullanarak filmleri diğer dosya biçimlerine ve çözünürlüklerine aktarma"},"qtp5d9178614":{"name":"Kaydı kaydetme veya yeniden adlandırma","searchName":"QuickTime Player'da bir kaydı kaydedin veya yeniden adlandırın"},"qtpf25d6f827":{"name":"Yalnızca ses kaydetme","searchName":"QuickTime Player ile ses kaydedin"},"qtp715f653a1":{"name":"Kaydı silme","searchName":"QuickTime Player'da bir kaydı silin"},"qtp356b55534":{"name":"Film kaydetme","searchName":"QuickTime Player ile film kaydedin"},"qtp4c0cd59d1":{"name":"Bir film için film müziği seçme","searchName":"QuickTime Player'da bir film için film müziği seçin"},"qtplayer35488":{"name":"QuickTime Player Yardım","href":"qtplayer35488.html","categories":["landing"]},"qtp50f3ec11e":{"name":"oynatma denetimleri","categories":["aside"]},"qtpa2d90df3d":{"name":"Bir filmi kliplere bölme","searchName":"QuickTime Player'ı kullanarak bir filmi kliplere bölün"},"qtp1ad6fa3c1":{"name":"Filmlerinizi paylaşma","searchName":"Filmlerinizi QuickTime Player'dan paylaşın"}},"copyright_text":"Copyright © 2016 Apple Inc. Tüm hakları saklıdır."}