{"css":"","framework":"duck-10.1.0","title":"Pomoć za QuickTime Player","build_id":"5791b405680ce28044c23462","quick_links":[],"icon":"..\/SharedGlobalArt\/AppIconDefault_QuickTime.png","sections":{"qtp054892646":{"name":"Uređivanje filma","children":["qtpa2d90df3d","qtp43812ed7b","qtp00386594f","qtp5a6251741","qtpf2115f6fd","qtp797f6599f"]},"qtpd7929a6fc":{"name":"Spremanje ili brisanje datoteke","children":["qtp5d9178614","qtp715f653a1"]},"qtpd44e0f677":{"name":"Reproduciraj datoteku","children":["qtp6cee0761b","qtp31dfa136d","qtped9fbc349","qtp4c0cd59d1","qtp65619118c"]},"qtpeea5d1e58":{"name":"Izrada nove snimke","children":["qtp97b08e666","qtp356b55534","qtpf25d6f827"]},"qtp35b543d90":{"name":"Dijeljenje ili eksportiranje filmova","children":["qtp1ad6fa3c1","qtp2b2c62378","qtp20e395859"]}},"birdseed_version":5,"toc":["qtp0b2a7fc85","qtpd44e0f677","qtpeea5d1e58","qtp054892646","qtpd7929a6fc","qtp35b543d90","qtpa4808515d"],"locale":"hr","version":"10.12","source_schema":"apd-schema","enable_tracking":false,"platform":"mac","build_date":"2016.07.22-04:15:53","landing":"qtplayer35488","product":"quicktime","urls":{},"copyright":"","show_previous_next":false,"topics":{"qtp0b2a7fc85":{"name":"Pregled QuickTime Playera"},"qtp43812ed7b":{"name":"Promjena rasporeda filmskih isječaka","searchName":"Promjena rasporeda filmskih isječaka s pomoću QuickTime Playera"},"qtp65619118c":{"name":"Prikaz informacija o datoteci filma","searchName":"Prikaz informacija o datoteci filma u QuickTime Playeru"},"qtp97b08e666":{"name":"Snimanje zaslona","searchName":"Snimite zaslon s QuickTime Playerom"},"qtped9fbc349":{"name":"Prikaz titlova ili opisa","searchName":"Prikaži titlove ili opise u QuickTime Playeru"},"qtp31dfa136d":{"name":"Odabir veličine zaslona","searchName":"Odaberite veličinu zaslona u QuickTime Playeru"},"qtp5a6251741":{"name":"Rotiranje ili okretanje isječka","searchName":"Rotiranje ili okretanje isječka u QuickTime Playeru"},"qtp2b2c62378":{"name":"Dijelite svoje filmove na programu iTunes","searchName":"Spremanje vašeg filma u iTunes s pomoću QuickTime Playera"},"qtpa4808515d":{"name":"Prečaci tipkovnice i geste","searchName":"Prečaci tipkovnice i geste za QuickTime Player"},"qtp00386594f":{"name":"Dodavanje filma ili isječka","searchName":"Dodavanje filma ili isječka u QuickTime Playeru"},"qtp6cee0761b":{"name":"Otvaranje i reprodukcija datoteke","searchName":"Otvorite i reproducirajte datoteku u QuickTime Playeru"},"qtpf2115f6fd":{"name":"Skraćivanje filma ili isječka","searchName":"Skraćivanje filma ili isječka u QuickTime Playeru"},"qtp797f6599f":{"name":"Savjeti za automaciju","searchName":"Savjeti za QuickTime Player automaciju"},"qtp20e395859":{"name":"Eksport filmova","searchName":"Eksportirajte filmove u drugim formatima datoteka i razlučivostima s pomoću QuickTime Playera"},"qtp5d9178614":{"name":"Spremanje ili preimenovanje snimke","searchName":"Spremite ili preimenujte snimku u QuickTime Playeru"},"qtpf25d6f827":{"name":"Snimanje samo zvuka","searchName":"Snimite zvuk s QuickTime Playerom"},"qtp715f653a1":{"name":"Brisanje snimke","searchName":"Brisanje snimke u QuickTime Playeru"},"qtp356b55534":{"name":"Snimanje filma","searchName":"Snimite film s QuickTime Playerom"},"qtp4c0cd59d1":{"name":"Izaberite glazbenu pozadinu za film","searchName":"Izaberite glazbenu pozadinu za film u QuickTime Playeru"},"qtplayer35488":{"name":"Pomoć za QuickTime Player","href":"qtplayer35488.html","categories":["landing"]},"qtp50f3ec11e":{"name":"komande za reprodukciju","categories":["aside"]},"qtpa2d90df3d":{"name":"Razdvajanje filma na isječke","searchName":"Razdvajanje filma na isječke uporabom QuickTime Playera"},"qtp1ad6fa3c1":{"name":"Dijeljenje vaših filmova","searchName":"Dijelite svoje filmove iz QuickTime Playera"}},"copyright_text":"Autorsko pravo © 2016 Apple Inc. Sva prava pridržana."}